#
# A fatal error has been detected by the Java Runtime Environment:
#
#  EXCEPTION_ACCESS_VIOLATION (0xc0000005) at pc=0x00007ff999f6314e, pid=47100, tid=42044
#
# JRE version: OpenJDK Runtime Environment Corretto-17.0.14.7.1 (17.0.14+7) (build 17.0.14+7-LTS)
# Java VM: OpenJDK 64-Bit Server VM Corretto-17.0.14.7.1 (17.0.14+7-LTS, mixed mode, sharing, tiered, compressed oops, compressed class ptrs, g1 gc, windows-amd64)
# Problematic frame:
# C  [ntdll.dll+0x6314e]
#
# No core dump will be written. Minidumps are not enabled by default on client versions of Windows
#
# If you would like to submit a bug report, please visit:
#   https://github.com/corretto/corretto-17/issues/
# The crash happened outside the Java Virtual Machine in native code.
# See problematic frame for where to report the bug.
#

---------------  S U M M A R Y ------------

Command Line: --add-opens=java.base/java.lang=ALL-UNNAMED --add-opens=java.base/java.lang.invoke=ALL-UNNAMED --add-opens=java.base/java.util=ALL-UNNAMED --add-opens=java.prefs/java.util.prefs=ALL-UNNAMED --add-exports=jdk.compiler/com.sun.tools.javac.api=ALL-UNNAMED --add-exports=jdk.compiler/com.sun.tools.javac.util=ALL-UNNAMED --add-opens=java.base/java.util=ALL-UNNAMED --add-opens=java.prefs/java.util.prefs=ALL-UNNAMED --add-opens=java.base/java.nio.charset=ALL-UNNAMED --add-opens=java.base/java.net=ALL-UNNAMED --add-opens=java.base/java.util.concurrent.atomic=ALL-UNNAMED --add-opens=java.xml/javax.xml.namespace=ALL-UNNAMED -Xmx2048m -Dfile.encoding=windows-1252 -Duser.country=IN -Duser.language=en -Duser.variant -javaagent:C:\Users\sriva\.gradle\wrapper\dists\gradle-8.13-all\54h0s9kvb6g2sinako7ub77ku\gradle-8.13\lib\agents\gradle-instrumentation-agent-8.13.jar org.gradle.launcher.daemon.bootstrap.GradleDaemon 8.13

Host: 13th Gen Intel(R) Core(TM) i7-1355U, 12 cores, 15G,  Windows 11 , 64 bit Build 26100 (10.0.26100.7019)
Time: Mon Nov 10 10:59:50 2025 India Standard Time elapsed time: 40.381221 seconds (0d 0h 0m 40s)

---------------  T H R E A D  ---------------

Current thread (0x000002d2a7e338c0):  JavaThread "File watcher server" daemon [_thread_in_native, id=42044, stack(0x000000f684100000,0x000000f684200000)]

Stack: [0x000000f684100000,0x000000f684200000],  sp=0x000000f6841fec10,  free space=1019k
Native frames: (J=compiled Java code, j=interpreted, Vv=VM code, C=native code)
C  [ntdll.dll+0x6314e]
C  [gradle-fileevents.dll+0x3b7d4]

Java frames: (J=compiled Java code, j=interpreted, Vv=VM code)
j  org.gradle.fileevents.internal.AbstractNativeFileEventFunctions$NativeFileWatcher.executeRunLoop0(Ljava/lang/Object;)V+0
j  org.gradle.fileevents.internal.AbstractNativeFileEventFunctions$NativeFileWatcher.executeRunLoop()V+5
j  org.gradle.fileevents.internal.AbstractFileEventFunctions$AbstractFileWatcher$1.run()V+21
v  ~StubRoutines::call_stub

siginfo: EXCEPTION_ACCESS_VIOLATION (0xc0000005), writing address 0x00007ff8b612c3ac


Registers:
RAX=0x00000000c000000b, RBX=0x00007ff8b5769ee0, RCX=0x00007ff99a062ad4, RDX=0x00007ff8b612c388
RSP=0x000000f6841fec10, RBP=0x000000f6841fec60, RSI=0x000000f688afa5c8, RDI=0x000000f688afa5c0
R8 =0x000000f6841fec08, R9 =0x0000000000000000, R10=0x0000000000000000, R11=0x0000000000000246
R12=0x0000000000000000, R13=0x000002d2a1285558, R14=0x0000000000000000, R15=0x000002d2a7e338c0
RIP=0x00007ff999f6314e, EFLAGS=0x0000000000010206


Register to memory mapping:

RIP=0x00007ff999f6314e ntdll.dll
RAX=0x00000000c000000b is an unallocated location in the heap
RBX=0x00007ff8b5769ee0 jvm.dll
RCX=0x00007ff99a062ad4 ntdll.dll
RDX=0x00007ff8b612c388 jvm.dll
RSP=0x000000f6841fec10 is pointing into the stack for thread: 0x000002d2a7e338c0
RBP=0x000000f6841fec60 is pointing into the stack for thread: 0x000002d2a7e338c0
RSI=0x000000f688afa5c8 is pointing into the stack for thread: 0x000002d2a8470e30
RDI=0x000000f688afa5c0 is pointing into the stack for thread: 0x000002d2a8470e30
R8 =0x000000f6841fec08 is pointing into the stack for thread: 0x000002d2a7e338c0
R9 =0x0 is NULL
R10=0x0 is NULL
R11=0x0000000000000246 is an unknown value
R12=0x0 is NULL
R13={method} {0x000002d2a1285560} 'executeRunLoop0' '(Ljava/lang/Object;)V' in 'org/gradle/fileevents/internal/AbstractNativeFileEventFunctions$NativeFileWatcher'
R14=0x0 is NULL
R15=0x000002d2a7e338c0 is a thread


Top of Stack: (sp=0x000000f6841fec10)
0x000000f6841fec10:   000002d2a8199640 000000f6841febf0
0x000000f6841fec20:   000002d2a89309c8 000002d2a81995e0
0x000000f6841fec30:   0000000000000000 00007ff93a31b7d4
0x000000f6841fec40:   000000f6841fec70 00007ff93a2e70eb
0x000000f6841fec50:   0000000000000000 0000000000000000
0x000000f6841fec60:   000000f6841fec90 00007ff93a315cab
0x000000f6841fec70:   0000000000000000 0000000000000000
0x000000f6841fec80:   000000f688afa590 000000f688afa590
0x000000f6841fec90:   000000f6841fecd0 00007ff93a2e88af
0x000000f6841feca0:   0000000000000000 0000000000000000
0x000000f6841fecb0:   0000000000000000 0000000000000000
0x000000f6841fecc0:   0000000000000000 00007ff8b5ad9352
0x000000f6841fecd0:   000000f688afa590 00007ff93a2e6f27
0x000000f6841fece0:   0000000000000000 00007ff999f099d3
0x000000f6841fecf0:   000002d25f009048 000002d25f453e48
0x000000f6841fed00:   000000f6841ff060 00007ff8b5cc6ffc
0x000000f6841fed10:   0000000000000048 0000000000000001
0x000000f6841fed20:   0000000000000000 0000000000000000
0x000000f6841fed30:   0000000000000030 ffffffffffffffff
0x000000f6841fed40:   ffffffffffffffff 00007ff999f099c7
0x000000f6841fed50:   0000000000000000 000000f6841fed70
0x000000f6841fed60:   0000000000000001 00007ff99a065bce
0x000000f6841fed70:   000000f6841ff3a0 000000f681aeb000
0x000000f6841fed80:   0000000000000000 00007ff999f09970
0x000000f6841fed90:   0000000000000001 00007ff8b5a20beb
0x000000f6841feda0:   00001fa00010001b 0000000000000033
0x000000f6841fedb0:   00000246002b0000 0000000000000000
0x000000f6841fedc0:   0000000000000000 0000000000000000
0x000000f6841fedd0:   0000000000000000 0000000000000000
0x000000f6841fede0:   0000000000000000 00000000000000c0
0x000000f6841fedf0:   0000000000000000 0000000000000000
0x000000f6841fee00:   000000f6841ff3a0 000000f6841ff2c8 

Instructions: (pc=0x00007ff999f6314e)
0x00007ff999f6304e:   2a ff ff ff 81 fe 22 00 00 80 74 94 44 8b c6 ba
0x00007ff999f6305e:   03 00 00 00 48 8b cb e8 6a fa ff ff eb 82 85 ff
0x00007ff999f6306e:   0f 84 d7 fe ff ff 48 8d 93 30 02 00 00 4c 8b c7
0x00007ff999f6307e:   48 8b 0a 48 85 c9 74 37 8b 41 08 83 f8 48 74 2f
0x00007ff999f6308e:   4c 89 22 41 8b c6 f0 0f c1 41 08 41 3b c6 77 03
0x00007ff999f6309e:   89 41 04 c7 41 2c 03 00 00 00 48 83 c1 20 48 8b
0x00007ff999f630ae:   83 08 01 00 00 48 89 08 48 89 8b 08 01 00 00 48
0x00007ff999f630be:   83 c2 08 49 83 e8 01 75 b7 e9 7f fe ff ff cc cc
0x00007ff999f630ce:   cc cc cc cc cc cc 40 53 48 83 ec 20 8b 41 0c 48
0x00007ff999f630de:   8b d9 48 c7 44 24 30 60 da d9 ff 85 c0 75 07 48
0x00007ff999f630ee:   83 c4 20 5b c3 cc 48 8d 54 24 30 33 c9 e8 30 f2
0x00007ff999f630fe:   0f 00 8b 43 0c eb e4 cc cc cc cc cc cc cc cc cc
0x00007ff999f6310e:   cc cc 48 83 ec 28 48 8b 11 4c 8b c1 45 33 c9 48
0x00007ff999f6311e:   85 d2 75 06 48 83 c4 28 c3 cc 0f b6 c2 24 07 3c
0x00007ff999f6312e:   07 74 f1 48 8b c2 f6 c2 08 75 3b f0 4d 0f b1 08
0x00007ff999f6313e:   75 42 48 83 e2 f0 74 dc 48 89 5c 24 20 48 8b 1a
0x00007ff999f6314e:   f0 0f ba 6a 24 02 f0 0f ba 72 24 01 72 09 48 8b
0x00007ff999f6315e:   4a 18 e8 5b f9 0f 00 48 8b d3 48 85 db 75 de 48
0x00007ff999f6316e:   8b 5c 24 20 eb ae 48 8b ca 48 83 c9 07 f0 49 0f
0x00007ff999f6317e:   b1 08 74 a0 48 8b d0 eb 96 cc cc cc cc cc cc cc
0x00007ff999f6318e:   cc cc 48 8b c4 48 89 58 08 48 89 68 18 56 57 41
0x00007ff999f6319e:   56 48 83 ec 70 45 33 c9 45 33 d2 44 21 48 20 0f
0x00007ff999f631ae:   57 c0 0f 11 40 d0 44 89 50 10 48 8b fa 8b 42 04
0x00007ff999f631be:   48 8b d9 85 c0 0f 84 fb 01 00 00 89 42 30 be 01
0x00007ff999f631ce:   00 00 00 83 f8 48 0f 84 fa 01 00 00 4c 39 89 80
0x00007ff999f631de:   00 00 00 0f 84 d7 00 00 00 8b 91 34 01 00 00 8b
0x00007ff999f631ee:   ca 44 8b b3 30 01 00 00 8b ab c0 00 00 00 c1 e9
0x00007ff999f631fe:   02 83 e1 02 45 85 f6 0f 85 cc 00 00 00 66 41 83
0x00007ff999f6320e:   c8 20 b8 14 00 fe 7f 66 44 89 47 34 48 8b 00 48
0x00007ff999f6321e:   89 47 10 f7 83 34 01 00 00 00 00 00 04 0f 85 0f
0x00007ff999f6322e:   01 00 00 39 6f 30 73 17 8b 4f 30 44 8b c5 44 2b
0x00007ff999f6323e:   47 30 48 03 cf ba ff 00 00 00 e8 e3 ed 10 00 48 


Stack slot to memory mapping:
stack at sp + 0 slots: 0x000002d2a8199640 points into unknown readable memory: 0x0000000000010000 | 00 00 01 00 00 00 00 00
stack at sp + 1 slots: 0x000000f6841febf0 is pointing into the stack for thread: 0x000002d2a7e338c0
stack at sp + 2 slots: 0x000002d2a89309c8 points into unknown readable memory: 0x9005c3ff5b2360a2 | a2 60 23 5b ff c3 05 90
stack at sp + 3 slots: 0x000002d2a81995e0 points into unknown readable memory: 0x00007ff93a32fc08 | 08 fc 32 3a f9 7f 00 00
stack at sp + 4 slots: 0x0 is NULL
stack at sp + 5 slots: 0x00007ff93a31b7d4 gradle-fileevents.dll
stack at sp + 6 slots: 0x000000f6841fec70 is pointing into the stack for thread: 0x000002d2a7e338c0
stack at sp + 7 slots: 0x00007ff93a2e70eb gradle-fileevents.dll


---------------  P R O C E S S  ---------------

Threads class SMR info:
_java_thread_list=0x000002d2a8670ec0, length=91, elements={
0x000002d24021ebb0, 0x000002d25eb64870, 0x000002d25eb66650, 0x000002d2a400f810,
0x000002d2a40120f0, 0x000002d2a40129c0, 0x000002d2a4013290, 0x000002d2a4013e90,
0x000002d2a40173d0, 0x000002d2a4018850, 0x000002d2a4132b80, 0x000002d2a4242460,
0x000002d2a5880490, 0x000002d2a6245580, 0x000002d2a63f2050, 0x000002d2a6260c50,
0x000002d2a6261500, 0x000002d2a618fe90, 0x000002d2a618ea50, 0x000002d2a61917e0,
0x000002d2a6191cf0, 0x000002d2a618f470, 0x000002d2a61912d0, 0x000002d2a618f980,
0x000002d2a61903a0, 0x000002d2a61908b0, 0x000002d2a618e540, 0x000002d2a6190dc0,
0x000002d2a7e338c0, 0x000002d2a7e32480, 0x000002d2a7e32990, 0x000002d2a7e32ea0,
0x000002d2a7e30110, 0x000002d2a7e333b0, 0x000002d2a7e33dd0, 0x000002d2a7e30620,
0x000002d2a7e34d00, 0x000002d2a7e347f0, 0x000002d2a7e31550, 0x000002d2a7e35210,
0x000002d2a7e31a60, 0x000002d2a7e35720, 0x000002d2a7e36140, 0x000002d2a7e35c30,
0x000002d2a7e36650, 0x000002d2a7e36b60, 0x000002d2a7e37070, 0x000002d2a7e37580,
0x000002d2a7e37a90, 0x000002d2a7be9800, 0x000002d2a7be6a70, 0x000002d2a7be88d0,
0x000002d2a7be7eb0, 0x000002d2a7be8de0, 0x000002d2a7be83c0, 0x000002d2a7be92f0,
0x000002d2a7be6050, 0x000002d2a7be6560, 0x000002d2a7be9d10, 0x000002d2a7bea730,
0x000002d2a7be7490, 0x000002d2a7beac40, 0x000002d2a7beb150, 0x000002d2a7be79a0,
0x000002d2a7bec080, 0x000002d2a7bed9d0, 0x000002d2a7bed4c0, 0x000002d2a7becaa0,
0x000002d2a7bec590, 0x000002d2a7beb660, 0x000002d2a7bebb70, 0x000002d2a7becfb0,
0x000002d2a846d170, 0x000002d2a846bd30, 0x000002d2a846a3e0, 0x000002d2a846b310,
0x000002d2a846d680, 0x000002d2a846db90, 0x000002d2a846f9f0, 0x000002d2a846e5b0,
0x000002d2a846eac0, 0x000002d2a846c240, 0x000002d2a846f4e0, 0x000002d2a846ff00,
0x000002d2a846c750, 0x000002d2a8470410, 0x000002d2a846cc60, 0x000002d2a8470920,
0x000002d2a8470e30, 0x000002d2a8471340, 0x000002d2a8471850
}

Java Threads: ( => current thread )
  0x000002d24021ebb0 JavaThread "main" [_thread_blocked, id=59736, stack(0x000000f681f00000,0x000000f682000000)]
  0x000002d25eb64870 JavaThread "Reference Handler" daemon [_thread_blocked, id=18240, stack(0x000000f682600000,0x000000f682700000)]
  0x000002d25eb66650 JavaThread "Finalizer" daemon [_thread_blocked, id=53524, stack(0x000000f682700000,0x000000f682800000)]
  0x000002d2a400f810 JavaThread "Signal Dispatcher" daemon [_thread_blocked, id=29608, stack(0x000000f682800000,0x000000f682900000)]
  0x000002d2a40120f0 JavaThread "Attach Listener" daemon [_thread_blocked, id=53668, stack(0x000000f682900000,0x000000f682a00000)]
  0x000002d2a40129c0 JavaThread "Service Thread" daemon [_thread_blocked, id=59612, stack(0x000000f682a00000,0x000000f682b00000)]
  0x000002d2a4013290 JavaThread "Monitor Deflation Thread" daemon [_thread_blocked, id=54672, stack(0x000000f682b00000,0x000000f682c00000)]
  0x000002d2a4013e90 JavaThread "C2 CompilerThread0" daemon [_thread_blocked, id=44612, stack(0x000000f682c00000,0x000000f682d00000)]
  0x000002d2a40173d0 JavaThread "C1 CompilerThread0" daemon [_thread_blocked, id=26336, stack(0x000000f682d00000,0x000000f682e00000)]
  0x000002d2a4018850 JavaThread "Sweeper thread" daemon [_thread_blocked, id=41716, stack(0x000000f682e00000,0x000000f682f00000)]
  0x000002d2a4132b80 JavaThread "Common-Cleaner" daemon [_thread_blocked, id=56384, stack(0x000000f682f00000,0x000000f683000000)]
  0x000002d2a4242460 JavaThread "Notification Thread" daemon [_thread_blocked, id=34032, stack(0x000000f683000000,0x000000f683100000)]
  0x000002d2a5880490 JavaThread "Daemon health stats" [_thread_blocked, id=14528, stack(0x000000f683300000,0x000000f683400000)]
  0x000002d2a6245580 JavaThread "Incoming local TCP Connector on port 51730" [_thread_in_native, id=42308, stack(0x000000f683200000,0x000000f683300000)]
  0x000002d2a63f2050 JavaThread "Daemon periodic checks" [_thread_blocked, id=51912, stack(0x000000f683900000,0x000000f683a00000)]
  0x000002d2a6260c50 JavaThread "Daemon" [_thread_blocked, id=40400, stack(0x000000f683a00000,0x000000f683b00000)]
  0x000002d2a6261500 JavaThread "Handler for socket connection from /127.0.0.1:51730 to /127.0.0.1:51731" [_thread_in_native, id=47984, stack(0x000000f683b00000,0x000000f683c00000)]
  0x000002d2a618fe90 JavaThread "Cancel handler" [_thread_blocked, id=55368, stack(0x000000f683c00000,0x000000f683d00000)]
  0x000002d2a618ea50 JavaThread "Daemon worker" [_thread_blocked, id=59708, stack(0x000000f683d00000,0x000000f683e00000)]
  0x000002d2a61917e0 JavaThread "Asynchronous log dispatcher for DefaultDaemonConnection: socket connection from /127.0.0.1:51730 to /127.0.0.1:51731" [_thread_blocked, id=42968, stack(0x000000f683e00000,0x000000f683f00000)]
  0x000002d2a6191cf0 JavaThread "Stdin handler" [_thread_blocked, id=53328, stack(0x000000f683f00000,0x000000f684000000)]
  0x000002d2a618f470 JavaThread "Daemon client event forwarder" [_thread_blocked, id=51964, stack(0x000000f684000000,0x000000f684100000)]
  0x000002d2a61912d0 JavaThread "Cache worker for journal cache (C:\Users\sriva\.gradle\caches\journal-1)" [_thread_blocked, id=48352, stack(0x000000f684200000,0x000000f684300000)]
  0x000002d2a618f980 JavaThread "File lock request listener" [_thread_in_native, id=49856, stack(0x000000f684300000,0x000000f684400000)]
  0x000002d2a61903a0 JavaThread "Cache worker for file hash cache (C:\Users\sriva\.gradle\caches\8.13\fileHashes)" [_thread_blocked, id=58396, stack(0x000000f684400000,0x000000f684500000)]
  0x000002d2a61908b0 JavaThread "File lock release action executor" [_thread_blocked, id=16040, stack(0x000000f684500000,0x000000f684600000)]
  0x000002d2a618e540 JavaThread "Cache worker for file hash cache (C:\Users\sriva\OneDrive\Desktop\android-vtop-chennai\.gradle\8.13\fileHashes)" [_thread_blocked, id=60248, stack(0x000000f684600000,0x000000f684700000)]
  0x000002d2a6190dc0 JavaThread "Cache worker for Build Output Cleanup Cache (C:\Users\sriva\OneDrive\Desktop\android-vtop-chennai\.gradle\buildOutputCleanup)" [_thread_blocked, id=37476, stack(0x000000f684700000,0x000000f684800000)]
=>0x000002d2a7e338c0 JavaThread "File watcher server" daemon [_thread_in_native, id=42044, stack(0x000000f684100000,0x000000f684200000)]
  0x000002d2a7e32480 JavaThread "File watcher consumer" daemon [_thread_blocked, id=14844, stack(0x000000f684800000,0x000000f684900000)]
  0x000002d2a7e32990 JavaThread "jar transforms" [_thread_blocked, id=27816, stack(0x000000f684f00000,0x000000f685000000)]
  0x000002d2a7e32ea0 JavaThread "jar transforms Thread 2" [_thread_blocked, id=57040, stack(0x000000f685100000,0x000000f685200000)]
  0x000002d2a7e30110 JavaThread "Cache worker for checksums cache (C:\Users\sriva\OneDrive\Desktop\android-vtop-chennai\.gradle\8.13\checksums)" [_thread_blocked, id=51256, stack(0x000000f685200000,0x000000f685300000)]
  0x000002d2a7e333b0 JavaThread "Cache worker for file content cache (C:\Users\sriva\.gradle\caches\8.13\fileContent)" [_thread_blocked, id=49552, stack(0x000000f685300000,0x000000f685400000)]
  0x000002d2a7e33dd0 JavaThread "Cache worker for cache directory md-supplier (C:\Users\sriva\.gradle\caches\8.13\md-supplier)" [_thread_blocked, id=54596, stack(0x000000f685400000,0x000000f685500000)]
  0x000002d2a7e30620 JavaThread "Cache worker for cache directory md-rule (C:\Users\sriva\.gradle\caches\8.13\md-rule)" [_thread_blocked, id=52012, stack(0x000000f685500000,0x000000f685600000)]
  0x000002d2a7e34d00 JavaThread "jar transforms Thread 3" [_thread_blocked, id=41992, stack(0x000000f685000000,0x000000f685100000)]
  0x000002d2a7e347f0 JavaThread "Unconstrained build operations" [_thread_blocked, id=46868, stack(0x000000f685700000,0x000000f685800000)]
  0x000002d2a7e31550 JavaThread "Unconstrained build operations Thread 2" [_thread_blocked, id=55568, stack(0x000000f685800000,0x000000f685900000)]
  0x000002d2a7e35210 JavaThread "Unconstrained build operations Thread 3" [_thread_blocked, id=58508, stack(0x000000f685900000,0x000000f685a00000)]
  0x000002d2a7e31a60 JavaThread "Unconstrained build operations Thread 4" [_thread_blocked, id=60260, stack(0x000000f685a00000,0x000000f685b00000)]
  0x000002d2a7e35720 JavaThread "Unconstrained build operations Thread 5" [_thread_blocked, id=32048, stack(0x000000f685b00000,0x000000f685c00000)]
  0x000002d2a7e36140 JavaThread "Unconstrained build operations Thread 6" [_thread_blocked, id=21320, stack(0x000000f685c00000,0x000000f685d00000)]
  0x000002d2a7e35c30 JavaThread "Unconstrained build operations Thread 7" [_thread_blocked, id=52928, stack(0x000000f685d00000,0x000000f685e00000)]
  0x000002d2a7e36650 JavaThread "Unconstrained build operations Thread 8" [_thread_blocked, id=23316, stack(0x000000f685e00000,0x000000f685f00000)]
  0x000002d2a7e36b60 JavaThread "Unconstrained build operations Thread 9" [_thread_blocked, id=58656, stack(0x000000f685f00000,0x000000f686000000)]
  0x000002d2a7e37070 JavaThread "Unconstrained build operations Thread 10" [_thread_blocked, id=30308, stack(0x000000f686000000,0x000000f686100000)]
  0x000002d2a7e37580 JavaThread "Unconstrained build operations Thread 11" [_thread_blocked, id=49032, stack(0x000000f686100000,0x000000f686200000)]
  0x000002d2a7e37a90 JavaThread "Unconstrained build operations Thread 12" [_thread_blocked, id=57416, stack(0x000000f686200000,0x000000f686300000)]
  0x000002d2a7be9800 JavaThread "Unconstrained build operations Thread 13" [_thread_blocked, id=56272, stack(0x000000f686300000,0x000000f686400000)]
  0x000002d2a7be6a70 JavaThread "Unconstrained build operations Thread 14" [_thread_blocked, id=60080, stack(0x000000f686400000,0x000000f686500000)]
  0x000002d2a7be88d0 JavaThread "Unconstrained build operations Thread 15" [_thread_blocked, id=57652, stack(0x000000f686500000,0x000000f686600000)]
  0x000002d2a7be7eb0 JavaThread "Unconstrained build operations Thread 16" [_thread_blocked, id=19592, stack(0x000000f686600000,0x000000f686700000)]
  0x000002d2a7be8de0 JavaThread "Unconstrained build operations Thread 17" [_thread_blocked, id=52268, stack(0x000000f686700000,0x000000f686800000)]
  0x000002d2a7be83c0 JavaThread "Unconstrained build operations Thread 18" [_thread_blocked, id=45944, stack(0x000000f686800000,0x000000f686900000)]
  0x000002d2a7be92f0 JavaThread "Unconstrained build operations Thread 19" [_thread_blocked, id=59804, stack(0x000000f686900000,0x000000f686a00000)]
  0x000002d2a7be6050 JavaThread "Unconstrained build operations Thread 20" [_thread_blocked, id=42976, stack(0x000000f686a00000,0x000000f686b00000)]
  0x000002d2a7be6560 JavaThread "Unconstrained build operations Thread 21" [_thread_blocked, id=56740, stack(0x000000f686b00000,0x000000f686c00000)]
  0x000002d2a7be9d10 JavaThread "Unconstrained build operations Thread 22" [_thread_blocked, id=41760, stack(0x000000f686c00000,0x000000f686d00000)]
  0x000002d2a7bea730 JavaThread "Unconstrained build operations Thread 23" [_thread_blocked, id=51412, stack(0x000000f686e00000,0x000000f686f00000)]
  0x000002d2a7be7490 JavaThread "Unconstrained build operations Thread 24" [_thread_blocked, id=54664, stack(0x000000f686f00000,0x000000f687000000)]
  0x000002d2a7beac40 JavaThread "Unconstrained build operations Thread 25" [_thread_blocked, id=47828, stack(0x000000f687000000,0x000000f687100000)]
  0x000002d2a7beb150 JavaThread "Unconstrained build operations Thread 26" [_thread_blocked, id=53584, stack(0x000000f687100000,0x000000f687200000)]
  0x000002d2a7be79a0 JavaThread "Unconstrained build operations Thread 27" [_thread_blocked, id=38100, stack(0x000000f687200000,0x000000f687300000)]
  0x000002d2a7bec080 JavaThread "Unconstrained build operations Thread 28" [_thread_blocked, id=48092, stack(0x000000f687300000,0x000000f687400000)]
  0x000002d2a7bed9d0 JavaThread "Unconstrained build operations Thread 29" [_thread_blocked, id=60388, stack(0x000000f687400000,0x000000f687500000)]
  0x000002d2a7bed4c0 JavaThread "Unconstrained build operations Thread 30" [_thread_blocked, id=50040, stack(0x000000f687500000,0x000000f687600000)]
  0x000002d2a7becaa0 JavaThread "Unconstrained build operations Thread 31" [_thread_blocked, id=59820, stack(0x000000f687600000,0x000000f687700000)]
  0x000002d2a7bec590 JavaThread "Unconstrained build operations Thread 32" [_thread_blocked, id=52436, stack(0x000000f687700000,0x000000f687800000)]
  0x000002d2a7beb660 JavaThread "Unconstrained build operations Thread 33" [_thread_blocked, id=36804, stack(0x000000f687800000,0x000000f687900000)]
  0x000002d2a7bebb70 JavaThread "jar transforms Thread 4" [_thread_blocked, id=26652, stack(0x000000f687900000,0x000000f687a00000)]
  0x000002d2a7becfb0 JavaThread "build event listener" [_thread_blocked, id=53400, stack(0x000000f686d00000,0x000000f686e00000)]
  0x000002d2a846d170 JavaThread "jar transforms Thread 5" [_thread_blocked, id=26692, stack(0x000000f685600000,0x000000f685700000)]
  0x000002d2a846bd30 JavaThread "jar transforms Thread 6" [_thread_blocked, id=60404, stack(0x000000f687a00000,0x000000f687b00000)]
  0x000002d2a846a3e0 JavaThread "jar transforms Thread 7" [_thread_blocked, id=37100, stack(0x000000f687c00000,0x000000f687d00000)]
  0x000002d2a846b310 JavaThread "Memory manager" [_thread_blocked, id=41408, stack(0x000000f687d00000,0x000000f687e00000)]
  0x000002d2a846d680 JavaThread "jar transforms Thread 8" [_thread_blocked, id=37660, stack(0x000000f687f00000,0x000000f688000000)]
  0x000002d2a846db90 JavaThread "Problems report writer" [_thread_blocked, id=21592, stack(0x000000f688000000,0x000000f688100000)]
  0x000002d2a846f9f0 JavaThread "included builds" [_thread_blocked, id=52356, stack(0x000000f687e00000,0x000000f687f00000)]
  0x000002d2a846e5b0 JavaThread "Execution worker" [_thread_blocked, id=42728, stack(0x000000f688100000,0x000000f688200000)]
  0x000002d2a846eac0 JavaThread "Execution worker Thread 2" [_thread_blocked, id=49176, stack(0x000000f688200000,0x000000f688300000)]
  0x000002d2a846c240 JavaThread "Execution worker Thread 3" [_thread_blocked, id=54956, stack(0x000000f688300000,0x000000f688400000)]
  0x000002d2a846f4e0 JavaThread "Execution worker Thread 4" [_thread_blocked, id=34636, stack(0x000000f688400000,0x000000f688500000)]
  0x000002d2a846ff00 JavaThread "Execution worker Thread 5" [_thread_blocked, id=59296, stack(0x000000f688500000,0x000000f688600000)]
  0x000002d2a846c750 JavaThread "Execution worker Thread 6" [_thread_blocked, id=38484, stack(0x000000f688600000,0x000000f688700000)]
  0x000002d2a8470410 JavaThread "Execution worker Thread 7" [_thread_blocked, id=20340, stack(0x000000f688700000,0x000000f688800000)]
  0x000002d2a846cc60 JavaThread "Execution worker Thread 8" [_thread_blocked, id=50956, stack(0x000000f688800000,0x000000f688900000)]
  0x000002d2a8470920 JavaThread "Execution worker Thread 9" [_thread_blocked, id=52168, stack(0x000000f688900000,0x000000f688a00000)]
  0x000002d2a8470e30 JavaThread "Execution worker Thread 10" [_thread_in_native, id=58484, stack(0x000000f688a00000,0x000000f688b00000)]
  0x000002d2a8471340 JavaThread "Execution worker Thread 11" [_thread_blocked, id=25880, stack(0x000000f688b00000,0x000000f688c00000)]
  0x000002d2a8471850 JavaThread "Cache worker for execution history cache (C:\Users\sriva\OneDrive\Desktop\android-vtop-chennai\.gradle\8.13\executionHistory)" [_thread_blocked, id=1928, stack(0x000000f688c00000,0x000000f688d00000)]

Other Threads:
  0x000002d25eb60580 VMThread "VM Thread" [stack: 0x000000f682500000,0x000000f682600000] [id=49200]
  0x000002d2a41cf0e0 WatcherThread [stack: 0x000000f683100000,0x000000f683200000] [id=35468]
  0x000002d24027e1c0 GCTaskThread "GC Thread#0" [stack: 0x000000f682000000,0x000000f682100000] [id=42444]
  0x000002d2a433e890 GCTaskThread "GC Thread#1" [stack: 0x000000f683400000,0x000000f683500000] [id=56736]
  0x000002d2a44f5c50 GCTaskThread "GC Thread#2" [stack: 0x000000f683500000,0x000000f683600000] [id=59680]
  0x000002d2a4484070 GCTaskThread "GC Thread#3" [stack: 0x000000f683600000,0x000000f683700000] [id=32592]
  0x000002d2a4484330 GCTaskThread "GC Thread#4" [stack: 0x000000f683700000,0x000000f683800000] [id=12092]
  0x000002d2a48c1300 GCTaskThread "GC Thread#5" [stack: 0x000000f683800000,0x000000f683900000] [id=48084]
  0x000002d2a67a29f0 GCTaskThread "GC Thread#6" [stack: 0x000000f684900000,0x000000f684a00000] [id=51056]
  0x000002d2a67a3d30 GCTaskThread "GC Thread#7" [stack: 0x000000f684a00000,0x000000f684b00000] [id=38652]
  0x000002d2a67a2cb0 GCTaskThread "GC Thread#8" [stack: 0x000000f684b00000,0x000000f684c00000] [id=56132]
  0x000002d2a67a3a70 GCTaskThread "GC Thread#9" [stack: 0x000000f684c00000,0x000000f684d00000] [id=51336]
  0x000002d24028f020 ConcurrentGCThread "G1 Main Marker" [stack: 0x000000f682100000,0x000000f682200000] [id=25672]
  0x000002d24028f950 ConcurrentGCThread "G1 Conc#0" [stack: 0x000000f682200000,0x000000f682300000] [id=58592]
  0x000002d2a67a34f0 ConcurrentGCThread "G1 Conc#1" [stack: 0x000000f684d00000,0x000000f684e00000] [id=49196]
  0x000002d2a67a2f70 ConcurrentGCThread "G1 Conc#2" [stack: 0x000000f684e00000,0x000000f684f00000] [id=50384]
  0x000002d25ea12600 ConcurrentGCThread "G1 Refine#0" [stack: 0x000000f682300000,0x000000f682400000] [id=25948]
  0x000002d25ea12ce0 ConcurrentGCThread "G1 Service" [stack: 0x000000f682400000,0x000000f682500000] [id=52328]

Threads with active compile tasks:

VM state: not at safepoint (normal execution)

VM Mutex/Monitor currently owned by a thread: None

Heap address: 0x0000000080000000, size: 2048 MB, Compressed Oops mode: 32-bit

CDS archive(s) mapped at: [0x000002d25f000000-0x000002d25fbb0000-0x000002d25fbb0000), size 12255232, SharedBaseAddress: 0x000002d25f000000, ArchiveRelocationMode: 1.
Compressed class space mapped at: 0x000002d260000000-0x000002d2a0000000, reserved size: 1073741824
Narrow klass base: 0x000002d25f000000, Narrow klass shift: 0, Narrow klass range: 0x100000000

GC Precious Log:
 CPUs: 12 total, 12 available
 Memory: 16067M
 Large Page Support: Disabled
 NUMA Support: Disabled
 Compressed Oops: Enabled (32-bit)
 Heap Region Size: 1M
 Heap Min Capacity: 8M
 Heap Initial Capacity: 252M
 Heap Max Capacity: 2G
 Pre-touch: Disabled
 Parallel Workers: 10
 Concurrent Workers: 3
 Concurrent Refinement Workers: 10
 Periodic GC: Disabled

Heap:
 garbage-first heap   total 296960K, used 146429K [0x0000000080000000, 0x0000000100000000)
  region size 1024K, 71 young (72704K), 14 survivors (14336K)
 Metaspace       used 82541K, committed 83328K, reserved 1179648K
  class space    used 11515K, committed 11904K, reserved 1048576K

Heap Regions: E=young(eden), S=young(survivor), O=old, HS=humongous(starts), HC=humongous(continues), CS=collection set, F=free, OA=open archive, CA=closed archive, TAMS=top-at-mark-start (previous, next)
|   0|0x0000000080000000, 0x0000000080100000, 0x0000000080100000|100%|HS|  |TAMS 0x0000000080100000, 0x0000000080000000| Complete 
|   1|0x0000000080100000, 0x0000000080200000, 0x0000000080200000|100%|HC|  |TAMS 0x0000000080200000, 0x0000000080100000| Complete 
|   2|0x0000000080200000, 0x0000000080300000, 0x0000000080300000|100%|HC|  |TAMS 0x0000000080300000, 0x0000000080200000| Complete 
|   3|0x0000000080300000, 0x0000000080400000, 0x0000000080400000|100%| O|  |TAMS 0x0000000080400000, 0x0000000080300000| Untracked 
|   4|0x0000000080400000, 0x0000000080500000, 0x0000000080500000|100%| O|  |TAMS 0x0000000080500000, 0x0000000080400000| Untracked 
|   5|0x0000000080500000, 0x0000000080600000, 0x0000000080600000|100%| O|  |TAMS 0x0000000080600000, 0x0000000080500000| Untracked 
|   6|0x0000000080600000, 0x0000000080700000, 0x0000000080700000|100%|HS|  |TAMS 0x0000000080700000, 0x0000000080600000| Complete 
|   7|0x0000000080700000, 0x0000000080800000, 0x0000000080800000|100%| O|  |TAMS 0x0000000080800000, 0x0000000080700000| Untracked 
|   8|0x0000000080800000, 0x0000000080900000, 0x0000000080900000|100%| O|  |TAMS 0x0000000080900000, 0x0000000080800000| Untracked 
|   9|0x0000000080900000, 0x00000000809f7200, 0x0000000080a00000| 96%| O|  |TAMS 0x00000000809f7200, 0x0000000080900000| Untracked 
|  10|0x0000000080a00000, 0x0000000080b00000, 0x0000000080b00000|100%| O|  |TAMS 0x0000000080b00000, 0x0000000080a00000| Untracked 
|  11|0x0000000080b00000, 0x0000000080c00000, 0x0000000080c00000|100%| O|  |TAMS 0x0000000080c00000, 0x0000000080b00000| Untracked 
|  12|0x0000000080c00000, 0x0000000080d00000, 0x0000000080d00000|100%| O|  |TAMS 0x0000000080d00000, 0x0000000080c00000| Untracked 
|  13|0x0000000080d00000, 0x0000000080e00000, 0x0000000080e00000|100%| O|  |TAMS 0x0000000080e00000, 0x0000000080d00000| Untracked 
|  14|0x0000000080e00000, 0x0000000080f00000, 0x0000000080f00000|100%| O|  |TAMS 0x0000000080f00000, 0x0000000080e00000| Untracked 
|  15|0x0000000080f00000, 0x0000000081000000, 0x0000000081000000|100%| O|  |TAMS 0x0000000081000000, 0x0000000080f00000| Untracked 
|  16|0x0000000081000000, 0x0000000081100000, 0x0000000081100000|100%| O|  |TAMS 0x0000000081100000, 0x0000000081000000| Untracked 
|  17|0x0000000081100000, 0x0000000081200000, 0x0000000081200000|100%| O|  |TAMS 0x0000000081200000, 0x0000000081100000| Untracked 
|  18|0x0000000081200000, 0x0000000081300000, 0x0000000081300000|100%| O|  |TAMS 0x0000000081300000, 0x0000000081200000| Untracked 
|  19|0x0000000081300000, 0x0000000081400000, 0x0000000081400000|100%| O|  |TAMS 0x0000000081400000, 0x0000000081300000| Untracked 
|  20|0x0000000081400000, 0x0000000081500000, 0x0000000081500000|100%| O|  |TAMS 0x0000000081500000, 0x0000000081400000| Untracked 
|  21|0x0000000081500000, 0x0000000081600000, 0x0000000081600000|100%| O|  |TAMS 0x0000000081600000, 0x0000000081500000| Untracked 
|  22|0x0000000081600000, 0x0000000081700000, 0x0000000081700000|100%|HS|  |TAMS 0x0000000081700000, 0x0000000081600000| Complete 
|  23|0x0000000081700000, 0x0000000081800000, 0x0000000081800000|100%| O|  |TAMS 0x0000000081800000, 0x0000000081700000| Untracked 
|  24|0x0000000081800000, 0x0000000081900000, 0x0000000081900000|100%| O|  |TAMS 0x0000000081900000, 0x0000000081800000| Untracked 
|  25|0x0000000081900000, 0x0000000081a00000, 0x0000000081a00000|100%| O|  |TAMS 0x0000000081a00000, 0x0000000081900000| Untracked 
|  26|0x0000000081a00000, 0x0000000081b00000, 0x0000000081b00000|100%| O|  |TAMS 0x0000000081b00000, 0x0000000081a00000| Untracked 
|  27|0x0000000081b00000, 0x0000000081c00000, 0x0000000081c00000|100%| O|  |TAMS 0x0000000081c00000, 0x0000000081b00000| Untracked 
|  28|0x0000000081c00000, 0x0000000081d00000, 0x0000000081d00000|100%| O|  |TAMS 0x0000000081d00000, 0x0000000081c00000| Untracked 
|  29|0x0000000081d00000, 0x0000000081e00000, 0x0000000081e00000|100%| O|  |TAMS 0x0000000081e00000, 0x0000000081d00000| Untracked 
|  30|0x0000000081e00000, 0x0000000081f00000, 0x0000000081f00000|100%| O|  |TAMS 0x0000000081f00000, 0x0000000081e00000| Untracked 
|  31|0x0000000081f00000, 0x0000000082000000, 0x0000000082000000|100%| O|  |TAMS 0x0000000082000000, 0x0000000081f00000| Untracked 
|  32|0x0000000082000000, 0x0000000082100000, 0x0000000082100000|100%| O|  |TAMS 0x0000000082100000, 0x0000000082000000| Untracked 
|  33|0x0000000082100000, 0x0000000082200000, 0x0000000082200000|100%| O|  |TAMS 0x0000000082200000, 0x0000000082100000| Untracked 
|  34|0x0000000082200000, 0x0000000082300000, 0x0000000082300000|100%| O|  |TAMS 0x0000000082300000, 0x0000000082200000| Untracked 
|  35|0x0000000082300000, 0x0000000082400000, 0x0000000082400000|100%| O|  |TAMS 0x0000000082400000, 0x0000000082300000| Untracked 
|  36|0x0000000082400000, 0x0000000082500000, 0x0000000082500000|100%| O|  |TAMS 0x0000000082500000, 0x0000000082400000| Untracked 
|  37|0x0000000082500000, 0x0000000082600000, 0x0000000082600000|100%| O|  |TAMS 0x0000000082600000, 0x0000000082500000| Untracked 
|  38|0x0000000082600000, 0x0000000082700000, 0x0000000082700000|100%| O|  |TAMS 0x0000000082700000, 0x0000000082600000| Untracked 
|  39|0x0000000082700000, 0x0000000082800000, 0x0000000082800000|100%| O|  |TAMS 0x0000000082800000, 0x0000000082700000| Untracked 
|  40|0x0000000082800000, 0x0000000082900000, 0x0000000082900000|100%| O|  |TAMS 0x0000000082900000, 0x0000000082800000| Untracked 
|  41|0x0000000082900000, 0x0000000082a00000, 0x0000000082a00000|100%| O|  |TAMS 0x0000000082a00000, 0x0000000082900000| Complete 
|  42|0x0000000082a00000, 0x0000000082b00000, 0x0000000082b00000|100%| O|  |TAMS 0x0000000082b00000, 0x0000000082a00000| Untracked 
|  43|0x0000000082b00000, 0x0000000082c00000, 0x0000000082c00000|100%| O|  |TAMS 0x0000000082c00000, 0x0000000082b00000| Untracked 
|  44|0x0000000082c00000, 0x0000000082d00000, 0x0000000082d00000|100%| O|  |TAMS 0x0000000082d00000, 0x0000000082c00000| Untracked 
|  45|0x0000000082d00000, 0x0000000082e00000, 0x0000000082e00000|100%| O|  |TAMS 0x0000000082e00000, 0x0000000082d00000| Untracked 
|  46|0x0000000082e00000, 0x0000000082f00000, 0x0000000082f00000|100%|HS|  |TAMS 0x0000000082f00000, 0x0000000082e00000| Complete 
|  47|0x0000000082f00000, 0x0000000083000000, 0x0000000083000000|100%|HS|  |TAMS 0x0000000083000000, 0x0000000082f00000| Complete 
|  48|0x0000000083000000, 0x0000000083100000, 0x0000000083100000|100%|HS|  |TAMS 0x0000000083100000, 0x0000000083000000| Complete 
|  49|0x0000000083100000, 0x0000000083200000, 0x0000000083200000|100%|HS|  |TAMS 0x0000000083200000, 0x0000000083100000| Complete 
|  50|0x0000000083200000, 0x0000000083300000, 0x0000000083300000|100%| O|  |TAMS 0x0000000083300000, 0x0000000083200000| Untracked 
|  51|0x0000000083300000, 0x0000000083400000, 0x0000000083400000|100%| O|  |TAMS 0x0000000083400000, 0x0000000083300000| Untracked 
|  52|0x0000000083400000, 0x0000000083500000, 0x0000000083500000|100%| O|  |TAMS 0x0000000083500000, 0x0000000083400000| Untracked 
|  53|0x0000000083500000, 0x0000000083600000, 0x0000000083600000|100%| O|  |TAMS 0x0000000083600000, 0x0000000083500000| Untracked 
|  54|0x0000000083600000, 0x0000000083700000, 0x0000000083700000|100%| O|  |TAMS 0x0000000083700000, 0x0000000083600000| Untracked 
|  55|0x0000000083700000, 0x0000000083800000, 0x0000000083800000|100%| O|  |TAMS 0x0000000083800000, 0x0000000083700000| Untracked 
|  56|0x0000000083800000, 0x0000000083900000, 0x0000000083900000|100%| O|  |TAMS 0x0000000083900000, 0x0000000083800000| Untracked 
|  57|0x0000000083900000, 0x0000000083a00000, 0x0000000083a00000|100%| O|  |TAMS 0x0000000083a00000, 0x0000000083900000| Untracked 
|  58|0x0000000083a00000, 0x0000000083b00000, 0x0000000083b00000|100%| O|  |TAMS 0x0000000083b00000, 0x0000000083a00000| Untracked 
|  59|0x0000000083b00000, 0x0000000083c00000, 0x0000000083c00000|100%|HS|  |TAMS 0x0000000083c00000, 0x0000000083b00000| Complete 
|  60|0x0000000083c00000, 0x0000000083d00000, 0x0000000083d00000|100%| O|  |TAMS 0x0000000083c00000, 0x0000000083c00000| Untracked 
|  61|0x0000000083d00000, 0x0000000083e00000, 0x0000000083e00000|100%| O|  |TAMS 0x0000000083d84600, 0x0000000083d00000| Untracked 
|  62|0x0000000083e00000, 0x0000000083f00000, 0x0000000083f00000|100%| O|  |TAMS 0x0000000083e00000, 0x0000000083e00000| Untracked 
|  63|0x0000000083f00000, 0x0000000084000000, 0x0000000084000000|100%| O|  |TAMS 0x0000000083f00000, 0x0000000083f00000| Untracked 
|  64|0x0000000084000000, 0x0000000084100000, 0x0000000084100000|100%|HS|  |TAMS 0x0000000084100000, 0x0000000084000000| Complete 
|  65|0x0000000084100000, 0x0000000084200000, 0x0000000084200000|100%| O|  |TAMS 0x0000000084100000, 0x0000000084100000| Untracked 
|  66|0x0000000084200000, 0x0000000084300000, 0x0000000084300000|100%| O|  |TAMS 0x0000000084200000, 0x0000000084200000| Untracked 
|  67|0x0000000084300000, 0x0000000084400000, 0x0000000084400000|100%| O|  |TAMS 0x0000000084300000, 0x0000000084300000| Untracked 
|  68|0x0000000084400000, 0x0000000084500000, 0x0000000084500000|100%| O|  |TAMS 0x0000000084400000, 0x0000000084400000| Untracked 
|  69|0x0000000084500000, 0x00000000845cd400, 0x0000000084600000| 80%| O|  |TAMS 0x0000000084500000, 0x0000000084500000| Untracked 
|  70|0x0000000084600000, 0x0000000084700000, 0x0000000084700000|100%|HS|  |TAMS 0x0000000084600000, 0x0000000084600000| Complete 
|  71|0x0000000084700000, 0x0000000084800000, 0x0000000084800000|100%|HS|  |TAMS 0x0000000084700000, 0x0000000084700000| Complete 
|  72|0x0000000084800000, 0x0000000084900000, 0x0000000084900000|100%|HS|  |TAMS 0x0000000084800000, 0x0000000084800000| Complete 
|  73|0x0000000084900000, 0x0000000084a00000, 0x0000000084a00000|100%|HS|  |TAMS 0x0000000084900000, 0x0000000084900000| Complete 
|  74|0x0000000084a00000, 0x0000000084b00000, 0x0000000084b00000|100%|HS|  |TAMS 0x0000000084a00000, 0x0000000084a00000| Complete 
|  75|0x0000000084b00000, 0x0000000084b00000, 0x0000000084c00000|  0%| F|  |TAMS 0x0000000084b00000, 0x0000000084b00000| Untracked 
|  76|0x0000000084c00000, 0x0000000084c00000, 0x0000000084d00000|  0%| F|  |TAMS 0x0000000084c00000, 0x0000000084c00000| Untracked 
|  77|0x0000000084d00000, 0x0000000084d00000, 0x0000000084e00000|  0%| F|  |TAMS 0x0000000084d00000, 0x0000000084d00000| Untracked 
|  78|0x0000000084e00000, 0x0000000084e00000, 0x0000000084f00000|  0%| F|  |TAMS 0x0000000084e00000, 0x0000000084e00000| Untracked 
|  79|0x0000000084f00000, 0x0000000084f00000, 0x0000000085000000|  0%| F|  |TAMS 0x0000000084f00000, 0x0000000084f00000| Untracked 
|  80|0x0000000085000000, 0x0000000085000000, 0x0000000085100000|  0%| F|  |TAMS 0x0000000085000000, 0x0000000085000000| Untracked 
|  81|0x0000000085100000, 0x0000000085100000, 0x0000000085200000|  0%| F|  |TAMS 0x0000000085100000, 0x0000000085100000| Untracked 
|  82|0x0000000085200000, 0x0000000085200000, 0x0000000085300000|  0%| F|  |TAMS 0x0000000085200000, 0x0000000085200000| Untracked 
|  83|0x0000000085300000, 0x0000000085300000, 0x0000000085400000|  0%| F|  |TAMS 0x0000000085300000, 0x0000000085300000| Untracked 
|  84|0x0000000085400000, 0x0000000085400000, 0x0000000085500000|  0%| F|  |TAMS 0x0000000085400000, 0x0000000085400000| Untracked 
|  85|0x0000000085500000, 0x0000000085500000, 0x0000000085600000|  0%| F|  |TAMS 0x0000000085500000, 0x0000000085500000| Untracked 
|  86|0x0000000085600000, 0x0000000085600000, 0x0000000085700000|  0%| F|  |TAMS 0x0000000085600000, 0x0000000085600000| Untracked 
|  87|0x0000000085700000, 0x0000000085700000, 0x0000000085800000|  0%| F|  |TAMS 0x0000000085700000, 0x0000000085700000| Untracked 
|  88|0x0000000085800000, 0x0000000085800000, 0x0000000085900000|  0%| F|  |TAMS 0x0000000085800000, 0x0000000085800000| Untracked 
|  89|0x0000000085900000, 0x0000000085900000, 0x0000000085a00000|  0%| F|  |TAMS 0x0000000085900000, 0x0000000085900000| Untracked 
|  90|0x0000000085a00000, 0x0000000085a00000, 0x0000000085b00000|  0%| F|  |TAMS 0x0000000085a00000, 0x0000000085a00000| Untracked 
|  91|0x0000000085b00000, 0x0000000085b00000, 0x0000000085c00000|  0%| F|  |TAMS 0x0000000085b00000, 0x0000000085b00000| Untracked 
|  92|0x0000000085c00000, 0x0000000085c00000, 0x0000000085d00000|  0%| F|  |TAMS 0x0000000085c00000, 0x0000000085c00000| Untracked 
|  93|0x0000000085d00000, 0x0000000085d00000, 0x0000000085e00000|  0%| F|  |TAMS 0x0000000085d00000, 0x0000000085d00000| Untracked 
|  94|0x0000000085e00000, 0x0000000085e00000, 0x0000000085f00000|  0%| F|  |TAMS 0x0000000085e00000, 0x0000000085e00000| Untracked 
|  95|0x0000000085f00000, 0x0000000085f00000, 0x0000000086000000|  0%| F|  |TAMS 0x0000000085f00000, 0x0000000085f00000| Untracked 
|  96|0x0000000086000000, 0x0000000086000000, 0x0000000086100000|  0%| F|  |TAMS 0x0000000086000000, 0x0000000086000000| Untracked 
|  97|0x0000000086100000, 0x0000000086100000, 0x0000000086200000|  0%| F|  |TAMS 0x0000000086100000, 0x0000000086100000| Untracked 
|  98|0x0000000086200000, 0x0000000086200000, 0x0000000086300000|  0%| F|  |TAMS 0x0000000086200000, 0x0000000086200000| Untracked 
|  99|0x0000000086300000, 0x0000000086300000, 0x0000000086400000|  0%| F|  |TAMS 0x0000000086300000, 0x0000000086300000| Untracked 
| 100|0x0000000086400000, 0x0000000086400000, 0x0000000086500000|  0%| F|  |TAMS 0x0000000086400000, 0x0000000086400000| Untracked 
| 101|0x0000000086500000, 0x0000000086500000, 0x0000000086600000|  0%| F|  |TAMS 0x0000000086500000, 0x0000000086500000| Untracked 
| 102|0x0000000086600000, 0x0000000086600000, 0x0000000086700000|  0%| F|  |TAMS 0x0000000086600000, 0x0000000086600000| Untracked 
| 103|0x0000000086700000, 0x0000000086700000, 0x0000000086800000|  0%| F|  |TAMS 0x0000000086700000, 0x0000000086700000| Untracked 
| 104|0x0000000086800000, 0x0000000086800000, 0x0000000086900000|  0%| F|  |TAMS 0x0000000086800000, 0x0000000086800000| Untracked 
| 105|0x0000000086900000, 0x0000000086900000, 0x0000000086a00000|  0%| F|  |TAMS 0x0000000086900000, 0x0000000086900000| Untracked 
| 106|0x0000000086a00000, 0x0000000086a00000, 0x0000000086b00000|  0%| F|  |TAMS 0x0000000086a00000, 0x0000000086a00000| Untracked 
| 107|0x0000000086b00000, 0x0000000086b00000, 0x0000000086c00000|  0%| F|  |TAMS 0x0000000086b00000, 0x0000000086b00000| Untracked 
| 108|0x0000000086c00000, 0x0000000086c00000, 0x0000000086d00000|  0%| F|  |TAMS 0x0000000086c00000, 0x0000000086c00000| Untracked 
| 109|0x0000000086d00000, 0x0000000086d00000, 0x0000000086e00000|  0%| F|  |TAMS 0x0000000086d00000, 0x0000000086d00000| Untracked 
| 110|0x0000000086e00000, 0x0000000086e00000, 0x0000000086f00000|  0%| F|  |TAMS 0x0000000086e00000, 0x0000000086e00000| Untracked 
| 111|0x0000000086f00000, 0x0000000086f00000, 0x0000000087000000|  0%| F|  |TAMS 0x0000000086f00000, 0x0000000086f00000| Untracked 
| 112|0x0000000087000000, 0x0000000087000000, 0x0000000087100000|  0%| F|  |TAMS 0x0000000087000000, 0x0000000087000000| Untracked 
| 113|0x0000000087100000, 0x0000000087100000, 0x0000000087200000|  0%| F|  |TAMS 0x0000000087100000, 0x0000000087100000| Untracked 
| 114|0x0000000087200000, 0x0000000087200000, 0x0000000087300000|  0%| F|  |TAMS 0x0000000087200000, 0x0000000087200000| Untracked 
| 115|0x0000000087300000, 0x0000000087300000, 0x0000000087400000|  0%| F|  |TAMS 0x0000000087300000, 0x0000000087300000| Untracked 
| 116|0x0000000087400000, 0x0000000087400000, 0x0000000087500000|  0%| F|  |TAMS 0x0000000087400000, 0x0000000087400000| Untracked 
| 117|0x0000000087500000, 0x0000000087500000, 0x0000000087600000|  0%| F|  |TAMS 0x0000000087500000, 0x0000000087500000| Untracked 
| 118|0x0000000087600000, 0x0000000087600000, 0x0000000087700000|  0%| F|  |TAMS 0x0000000087600000, 0x0000000087600000| Untracked 
| 119|0x0000000087700000, 0x0000000087700000, 0x0000000087800000|  0%| F|  |TAMS 0x0000000087700000, 0x0000000087700000| Untracked 
| 120|0x0000000087800000, 0x0000000087800000, 0x0000000087900000|  0%| F|  |TAMS 0x0000000087800000, 0x0000000087800000| Untracked 
| 121|0x0000000087900000, 0x0000000087900000, 0x0000000087a00000|  0%| F|  |TAMS 0x0000000087900000, 0x0000000087900000| Untracked 
| 122|0x0000000087a00000, 0x0000000087a00000, 0x0000000087b00000|  0%| F|  |TAMS 0x0000000087a00000, 0x0000000087a00000| Untracked 
| 123|0x0000000087b00000, 0x0000000087b00000, 0x0000000087c00000|  0%| F|  |TAMS 0x0000000087b00000, 0x0000000087b00000| Untracked 
| 124|0x0000000087c00000, 0x0000000087c00000, 0x0000000087d00000|  0%| F|  |TAMS 0x0000000087c00000, 0x0000000087c00000| Untracked 
| 125|0x0000000087d00000, 0x0000000087d00000, 0x0000000087e00000|  0%| F|  |TAMS 0x0000000087d00000, 0x0000000087d00000| Untracked 
| 126|0x0000000087e00000, 0x0000000087e00000, 0x0000000087f00000|  0%| F|  |TAMS 0x0000000087e00000, 0x0000000087e00000| Untracked 
| 127|0x0000000087f00000, 0x0000000087f00000, 0x0000000088000000|  0%| F|  |TAMS 0x0000000087f00000, 0x0000000087f00000| Untracked 
| 128|0x0000000088000000, 0x0000000088000000, 0x0000000088100000|  0%| F|  |TAMS 0x0000000088000000, 0x0000000088000000| Untracked 
| 129|0x0000000088100000, 0x0000000088100000, 0x0000000088200000|  0%| F|  |TAMS 0x0000000088100000, 0x0000000088100000| Untracked 
| 130|0x0000000088200000, 0x0000000088200000, 0x0000000088300000|  0%| F|  |TAMS 0x0000000088200000, 0x0000000088200000| Untracked 
| 131|0x0000000088300000, 0x0000000088300000, 0x0000000088400000|  0%| F|  |TAMS 0x0000000088300000, 0x0000000088300000| Untracked 
| 132|0x0000000088400000, 0x0000000088400000, 0x0000000088500000|  0%| F|  |TAMS 0x0000000088400000, 0x0000000088400000| Untracked 
| 133|0x0000000088500000, 0x0000000088500000, 0x0000000088600000|  0%| F|  |TAMS 0x0000000088500000, 0x0000000088500000| Untracked 
| 134|0x0000000088600000, 0x0000000088600000, 0x0000000088700000|  0%| F|  |TAMS 0x0000000088600000, 0x0000000088600000| Untracked 
| 135|0x0000000088700000, 0x0000000088700000, 0x0000000088800000|  0%| F|  |TAMS 0x0000000088700000, 0x0000000088700000| Untracked 
| 136|0x0000000088800000, 0x0000000088800000, 0x0000000088900000|  0%| F|  |TAMS 0x0000000088800000, 0x0000000088800000| Untracked 
| 137|0x0000000088900000, 0x0000000088900000, 0x0000000088a00000|  0%| F|  |TAMS 0x0000000088900000, 0x0000000088900000| Untracked 
| 138|0x0000000088a00000, 0x0000000088a00000, 0x0000000088b00000|  0%| F|  |TAMS 0x0000000088a00000, 0x0000000088a00000| Untracked 
| 139|0x0000000088b00000, 0x0000000088b00000, 0x0000000088c00000|  0%| F|  |TAMS 0x0000000088b00000, 0x0000000088b00000| Untracked 
| 140|0x0000000088c00000, 0x0000000088c00000, 0x0000000088d00000|  0%| F|  |TAMS 0x0000000088c00000, 0x0000000088c00000| Untracked 
| 141|0x0000000088d00000, 0x0000000088d00000, 0x0000000088e00000|  0%| F|  |TAMS 0x0000000088d00000, 0x0000000088d00000| Untracked 
| 142|0x0000000088e00000, 0x0000000088e00000, 0x0000000088f00000|  0%| F|  |TAMS 0x0000000088e00000, 0x0000000088e00000| Untracked 
| 143|0x0000000088f00000, 0x0000000088f00000, 0x0000000089000000|  0%| F|  |TAMS 0x0000000088f00000, 0x0000000088f00000| Untracked 
| 144|0x0000000089000000, 0x000000008903b0e0, 0x0000000089100000| 23%| S|CS|TAMS 0x0000000089000000, 0x0000000089000000| Complete 
| 145|0x0000000089100000, 0x0000000089100000, 0x0000000089200000|  0%| F|  |TAMS 0x0000000089100000, 0x0000000089100000| Untracked 
| 146|0x0000000089200000, 0x0000000089200000, 0x0000000089300000|  0%| F|  |TAMS 0x0000000089200000, 0x0000000089200000| Untracked 
| 147|0x0000000089300000, 0x0000000089300000, 0x0000000089400000|  0%| F|  |TAMS 0x0000000089300000, 0x0000000089300000| Untracked 
| 148|0x0000000089400000, 0x0000000089400000, 0x0000000089500000|  0%| F|  |TAMS 0x0000000089400000, 0x0000000089400000| Untracked 
| 149|0x0000000089500000, 0x0000000089500000, 0x0000000089600000|  0%| F|  |TAMS 0x0000000089500000, 0x0000000089500000| Untracked 
| 150|0x0000000089600000, 0x0000000089600000, 0x0000000089700000|  0%| F|  |TAMS 0x0000000089600000, 0x0000000089600000| Untracked 
| 151|0x0000000089700000, 0x0000000089700000, 0x0000000089800000|  0%| F|  |TAMS 0x0000000089700000, 0x0000000089700000| Untracked 
| 152|0x0000000089800000, 0x0000000089800000, 0x0000000089900000|  0%| F|  |TAMS 0x0000000089800000, 0x0000000089800000| Untracked 
| 153|0x0000000089900000, 0x0000000089900000, 0x0000000089a00000|  0%| F|  |TAMS 0x0000000089900000, 0x0000000089900000| Untracked 
| 154|0x0000000089a00000, 0x0000000089a00000, 0x0000000089b00000|  0%| F|  |TAMS 0x0000000089a00000, 0x0000000089a00000| Untracked 
| 155|0x0000000089b00000, 0x0000000089b00000, 0x0000000089c00000|  0%| F|  |TAMS 0x0000000089b00000, 0x0000000089b00000| Untracked 
| 156|0x0000000089c00000, 0x0000000089c00000, 0x0000000089d00000|  0%| F|  |TAMS 0x0000000089c00000, 0x0000000089c00000| Untracked 
| 157|0x0000000089d00000, 0x0000000089d00000, 0x0000000089e00000|  0%| F|  |TAMS 0x0000000089d00000, 0x0000000089d00000| Untracked 
| 158|0x0000000089e00000, 0x0000000089e00000, 0x0000000089f00000|  0%| F|  |TAMS 0x0000000089e00000, 0x0000000089e00000| Untracked 
| 159|0x0000000089f00000, 0x0000000089f00000, 0x000000008a000000|  0%| F|  |TAMS 0x0000000089f00000, 0x0000000089f00000| Untracked 
| 160|0x000000008a000000, 0x000000008a000000, 0x000000008a100000|  0%| F|  |TAMS 0x000000008a000000, 0x000000008a000000| Untracked 
| 161|0x000000008a100000, 0x000000008a200000, 0x000000008a200000|100%| S|CS|TAMS 0x000000008a100000, 0x000000008a100000| Complete 
| 162|0x000000008a200000, 0x000000008a300000, 0x000000008a300000|100%| S|CS|TAMS 0x000000008a200000, 0x000000008a200000| Complete 
| 163|0x000000008a300000, 0x000000008a400000, 0x000000008a400000|100%| S|CS|TAMS 0x000000008a300000, 0x000000008a300000| Complete 
| 164|0x000000008a400000, 0x000000008a500000, 0x000000008a500000|100%| S|CS|TAMS 0x000000008a400000, 0x000000008a400000| Complete 
| 165|0x000000008a500000, 0x000000008a600000, 0x000000008a600000|100%| S|CS|TAMS 0x000000008a500000, 0x000000008a500000| Complete 
| 166|0x000000008a600000, 0x000000008a700000, 0x000000008a700000|100%| S|CS|TAMS 0x000000008a600000, 0x000000008a600000| Complete 
| 167|0x000000008a700000, 0x000000008a800000, 0x000000008a800000|100%| S|CS|TAMS 0x000000008a700000, 0x000000008a700000| Complete 
| 168|0x000000008a800000, 0x000000008a900000, 0x000000008a900000|100%| S|CS|TAMS 0x000000008a800000, 0x000000008a800000| Complete 
| 169|0x000000008a900000, 0x000000008aa00000, 0x000000008aa00000|100%| S|CS|TAMS 0x000000008a900000, 0x000000008a900000| Complete 
| 170|0x000000008aa00000, 0x000000008ab00000, 0x000000008ab00000|100%| S|CS|TAMS 0x000000008aa00000, 0x000000008aa00000| Complete 
| 171|0x000000008ab00000, 0x000000008ac00000, 0x000000008ac00000|100%| S|CS|TAMS 0x000000008ab00000, 0x000000008ab00000| Complete 
| 172|0x000000008ac00000, 0x000000008ad00000, 0x000000008ad00000|100%| S|CS|TAMS 0x000000008ac00000, 0x000000008ac00000| Complete 
| 173|0x000000008ad00000, 0x000000008ae00000, 0x000000008ae00000|100%| S|CS|TAMS 0x000000008ad00000, 0x000000008ad00000| Complete 
| 174|0x000000008ae00000, 0x000000008ae00000, 0x000000008af00000|  0%| F|  |TAMS 0x000000008ae00000, 0x000000008ae00000| Untracked 
| 175|0x000000008af00000, 0x000000008af00000, 0x000000008b000000|  0%| F|  |TAMS 0x000000008af00000, 0x000000008af00000| Untracked 
| 176|0x000000008b000000, 0x000000008b000000, 0x000000008b100000|  0%| F|  |TAMS 0x000000008b000000, 0x000000008b000000| Untracked 
| 177|0x000000008b100000, 0x000000008b100000, 0x000000008b200000|  0%| F|  |TAMS 0x000000008b100000, 0x000000008b100000| Untracked 
| 178|0x000000008b200000, 0x000000008b200000, 0x000000008b300000|  0%| F|  |TAMS 0x000000008b200000, 0x000000008b200000| Untracked 
| 179|0x000000008b300000, 0x000000008b300000, 0x000000008b400000|  0%| F|  |TAMS 0x000000008b300000, 0x000000008b300000| Untracked 
| 180|0x000000008b400000, 0x000000008b400000, 0x000000008b500000|  0%| F|  |TAMS 0x000000008b400000, 0x000000008b400000| Untracked 
| 181|0x000000008b500000, 0x000000008b500000, 0x000000008b600000|  0%| F|  |TAMS 0x000000008b500000, 0x000000008b500000| Untracked 
| 182|0x000000008b600000, 0x000000008b600000, 0x000000008b700000|  0%| F|  |TAMS 0x000000008b600000, 0x000000008b600000| Untracked 
| 183|0x000000008b700000, 0x000000008b700000, 0x000000008b800000|  0%| F|  |TAMS 0x000000008b700000, 0x000000008b700000| Untracked 
| 184|0x000000008b800000, 0x000000008b800000, 0x000000008b900000|  0%| F|  |TAMS 0x000000008b800000, 0x000000008b800000| Untracked 
| 185|0x000000008b900000, 0x000000008b900000, 0x000000008ba00000|  0%| F|  |TAMS 0x000000008b900000, 0x000000008b900000| Untracked 
| 186|0x000000008ba00000, 0x000000008ba00000, 0x000000008bb00000|  0%| F|  |TAMS 0x000000008ba00000, 0x000000008ba00000| Untracked 
| 187|0x000000008bb00000, 0x000000008bb00000, 0x000000008bc00000|  0%| F|  |TAMS 0x000000008bb00000, 0x000000008bb00000| Untracked 
| 188|0x000000008bc00000, 0x000000008bc00000, 0x000000008bd00000|  0%| F|  |TAMS 0x000000008bc00000, 0x000000008bc00000| Untracked 
| 189|0x000000008bd00000, 0x000000008bd00000, 0x000000008be00000|  0%| F|  |TAMS 0x000000008bd00000, 0x000000008bd00000| Untracked 
| 190|0x000000008be00000, 0x000000008be00000, 0x000000008bf00000|  0%| F|  |TAMS 0x000000008be00000, 0x000000008be00000| Untracked 
| 191|0x000000008bf00000, 0x000000008bf00000, 0x000000008c000000|  0%| F|  |TAMS 0x000000008bf00000, 0x000000008bf00000| Untracked 
| 192|0x000000008c000000, 0x000000008c000000, 0x000000008c100000|  0%| F|  |TAMS 0x000000008c000000, 0x000000008c000000| Untracked 
| 193|0x000000008c100000, 0x000000008c100000, 0x000000008c200000|  0%| F|  |TAMS 0x000000008c100000, 0x000000008c100000| Untracked 
| 194|0x000000008c200000, 0x000000008c200000, 0x000000008c300000|  0%| F|  |TAMS 0x000000008c200000, 0x000000008c200000| Untracked 
| 195|0x000000008c300000, 0x000000008c300000, 0x000000008c400000|  0%| F|  |TAMS 0x000000008c300000, 0x000000008c300000| Untracked 
| 196|0x000000008c400000, 0x000000008c400000, 0x000000008c500000|  0%| F|  |TAMS 0x000000008c400000, 0x000000008c400000| Untracked 
| 197|0x000000008c500000, 0x000000008c500000, 0x000000008c600000|  0%| F|  |TAMS 0x000000008c500000, 0x000000008c500000| Untracked 
| 198|0x000000008c600000, 0x000000008c600000, 0x000000008c700000|  0%| F|  |TAMS 0x000000008c600000, 0x000000008c600000| Untracked 
| 199|0x000000008c700000, 0x000000008c700000, 0x000000008c800000|  0%| F|  |TAMS 0x000000008c700000, 0x000000008c700000| Untracked 
| 200|0x000000008c800000, 0x000000008c800000, 0x000000008c900000|  0%| F|  |TAMS 0x000000008c800000, 0x000000008c800000| Untracked 
| 201|0x000000008c900000, 0x000000008c900000, 0x000000008ca00000|  0%| F|  |TAMS 0x000000008c900000, 0x000000008c900000| Untracked 
| 202|0x000000008ca00000, 0x000000008ca00000, 0x000000008cb00000|  0%| F|  |TAMS 0x000000008ca00000, 0x000000008ca00000| Untracked 
| 203|0x000000008cb00000, 0x000000008cb00000, 0x000000008cc00000|  0%| F|  |TAMS 0x000000008cb00000, 0x000000008cb00000| Untracked 
| 204|0x000000008cc00000, 0x000000008cc00000, 0x000000008cd00000|  0%| F|  |TAMS 0x000000008cc00000, 0x000000008cc00000| Untracked 
| 205|0x000000008cd00000, 0x000000008cd00000, 0x000000008ce00000|  0%| F|  |TAMS 0x000000008cd00000, 0x000000008cd00000| Untracked 
| 206|0x000000008ce00000, 0x000000008ce00000, 0x000000008cf00000|  0%| F|  |TAMS 0x000000008ce00000, 0x000000008ce00000| Untracked 
| 207|0x000000008cf00000, 0x000000008cf00000, 0x000000008d000000|  0%| F|  |TAMS 0x000000008cf00000, 0x000000008cf00000| Untracked 
| 208|0x000000008d000000, 0x000000008d000000, 0x000000008d100000|  0%| F|  |TAMS 0x000000008d000000, 0x000000008d000000| Untracked 
| 209|0x000000008d100000, 0x000000008d100000, 0x000000008d200000|  0%| F|  |TAMS 0x000000008d100000, 0x000000008d100000| Untracked 
| 210|0x000000008d200000, 0x000000008d200000, 0x000000008d300000|  0%| F|  |TAMS 0x000000008d200000, 0x000000008d200000| Untracked 
| 211|0x000000008d300000, 0x000000008d300000, 0x000000008d400000|  0%| F|  |TAMS 0x000000008d300000, 0x000000008d300000| Untracked 
| 212|0x000000008d400000, 0x000000008d400000, 0x000000008d500000|  0%| F|  |TAMS 0x000000008d400000, 0x000000008d400000| Untracked 
| 213|0x000000008d500000, 0x000000008d500000, 0x000000008d600000|  0%| F|  |TAMS 0x000000008d500000, 0x000000008d500000| Untracked 
| 214|0x000000008d600000, 0x000000008d600000, 0x000000008d700000|  0%| F|  |TAMS 0x000000008d600000, 0x000000008d600000| Untracked 
| 215|0x000000008d700000, 0x000000008d700000, 0x000000008d800000|  0%| F|  |TAMS 0x000000008d700000, 0x000000008d700000| Untracked 
| 216|0x000000008d800000, 0x000000008d800000, 0x000000008d900000|  0%| F|  |TAMS 0x000000008d800000, 0x000000008d800000| Untracked 
| 217|0x000000008d900000, 0x000000008d900000, 0x000000008da00000|  0%| F|  |TAMS 0x000000008d900000, 0x000000008d900000| Untracked 
| 218|0x000000008da00000, 0x000000008da00000, 0x000000008db00000|  0%| F|  |TAMS 0x000000008da00000, 0x000000008da00000| Untracked 
| 219|0x000000008db00000, 0x000000008db00000, 0x000000008dc00000|  0%| F|  |TAMS 0x000000008db00000, 0x000000008db00000| Untracked 
| 220|0x000000008dc00000, 0x000000008dc00000, 0x000000008dd00000|  0%| F|  |TAMS 0x000000008dc00000, 0x000000008dc00000| Untracked 
| 221|0x000000008dd00000, 0x000000008dd00000, 0x000000008de00000|  0%| F|  |TAMS 0x000000008dd00000, 0x000000008dd00000| Untracked 
| 222|0x000000008de00000, 0x000000008de00000, 0x000000008df00000|  0%| F|  |TAMS 0x000000008de00000, 0x000000008de00000| Untracked 
| 223|0x000000008df00000, 0x000000008df00000, 0x000000008e000000|  0%| F|  |TAMS 0x000000008df00000, 0x000000008df00000| Untracked 
| 224|0x000000008e000000, 0x000000008e000000, 0x000000008e100000|  0%| F|  |TAMS 0x000000008e000000, 0x000000008e000000| Untracked 
| 225|0x000000008e100000, 0x000000008e100000, 0x000000008e200000|  0%| F|  |TAMS 0x000000008e100000, 0x000000008e100000| Untracked 
| 226|0x000000008e200000, 0x000000008e200000, 0x000000008e300000|  0%| F|  |TAMS 0x000000008e200000, 0x000000008e200000| Untracked 
| 227|0x000000008e300000, 0x000000008e300000, 0x000000008e400000|  0%| F|  |TAMS 0x000000008e300000, 0x000000008e300000| Untracked 
| 228|0x000000008e400000, 0x000000008e400000, 0x000000008e500000|  0%| F|  |TAMS 0x000000008e400000, 0x000000008e400000| Untracked 
| 229|0x000000008e500000, 0x000000008e500000, 0x000000008e600000|  0%| F|  |TAMS 0x000000008e500000, 0x000000008e500000| Untracked 
| 230|0x000000008e600000, 0x000000008e600000, 0x000000008e700000|  0%| F|  |TAMS 0x000000008e600000, 0x000000008e600000| Untracked 
| 231|0x000000008e700000, 0x000000008e700000, 0x000000008e800000|  0%| F|  |TAMS 0x000000008e700000, 0x000000008e700000| Untracked 
| 232|0x000000008e800000, 0x000000008e800000, 0x000000008e900000|  0%| F|  |TAMS 0x000000008e800000, 0x000000008e800000| Untracked 
| 233|0x000000008e900000, 0x000000008e90c880, 0x000000008ea00000|  4%| E|  |TAMS 0x000000008e900000, 0x000000008e900000| Complete 
| 234|0x000000008ea00000, 0x000000008eb00000, 0x000000008eb00000|100%| E|CS|TAMS 0x000000008ea00000, 0x000000008ea00000| Complete 
| 235|0x000000008eb00000, 0x000000008ec00000, 0x000000008ec00000|100%| E|  |TAMS 0x000000008eb00000, 0x000000008eb00000| Complete 
| 236|0x000000008ec00000, 0x000000008ed00000, 0x000000008ed00000|100%| E|CS|TAMS 0x000000008ec00000, 0x000000008ec00000| Complete 
| 237|0x000000008ed00000, 0x000000008ee00000, 0x000000008ee00000|100%| E|CS|TAMS 0x000000008ed00000, 0x000000008ed00000| Complete 
| 238|0x000000008ee00000, 0x000000008ef00000, 0x000000008ef00000|100%| E|CS|TAMS 0x000000008ee00000, 0x000000008ee00000| Complete 
| 239|0x000000008ef00000, 0x000000008f000000, 0x000000008f000000|100%| E|CS|TAMS 0x000000008ef00000, 0x000000008ef00000| Complete 
| 240|0x000000008f000000, 0x000000008f100000, 0x000000008f100000|100%| E|CS|TAMS 0x000000008f000000, 0x000000008f000000| Complete 
| 241|0x000000008f100000, 0x000000008f200000, 0x000000008f200000|100%| E|CS|TAMS 0x000000008f100000, 0x000000008f100000| Complete 
| 242|0x000000008f200000, 0x000000008f300000, 0x000000008f300000|100%| E|CS|TAMS 0x000000008f200000, 0x000000008f200000| Complete 
| 243|0x000000008f300000, 0x000000008f400000, 0x000000008f400000|100%| E|CS|TAMS 0x000000008f300000, 0x000000008f300000| Complete 
| 244|0x000000008f400000, 0x000000008f500000, 0x000000008f500000|100%| E|CS|TAMS 0x000000008f400000, 0x000000008f400000| Complete 
| 245|0x000000008f500000, 0x000000008f600000, 0x000000008f600000|100%| E|CS|TAMS 0x000000008f500000, 0x000000008f500000| Complete 
| 246|0x000000008f600000, 0x000000008f700000, 0x000000008f700000|100%| E|CS|TAMS 0x000000008f600000, 0x000000008f600000| Complete 
| 247|0x000000008f700000, 0x000000008f800000, 0x000000008f800000|100%| E|CS|TAMS 0x000000008f700000, 0x000000008f700000| Complete 
| 248|0x000000008f800000, 0x000000008f900000, 0x000000008f900000|100%| E|CS|TAMS 0x000000008f800000, 0x000000008f800000| Complete 
| 249|0x000000008f900000, 0x000000008fa00000, 0x000000008fa00000|100%| E|CS|TAMS 0x000000008f900000, 0x000000008f900000| Complete 
| 250|0x000000008fa00000, 0x000000008fb00000, 0x000000008fb00000|100%| E|CS|TAMS 0x000000008fa00000, 0x000000008fa00000| Complete 
| 251|0x000000008fb00000, 0x000000008fc00000, 0x000000008fc00000|100%| E|CS|TAMS 0x000000008fb00000, 0x000000008fb00000| Complete 
| 252|0x000000008fc00000, 0x000000008fd00000, 0x000000008fd00000|100%| E|CS|TAMS 0x000000008fc00000, 0x000000008fc00000| Complete 
| 253|0x000000008fd00000, 0x000000008fe00000, 0x000000008fe00000|100%| E|CS|TAMS 0x000000008fd00000, 0x000000008fd00000| Complete 
| 254|0x000000008fe00000, 0x000000008ff00000, 0x000000008ff00000|100%| E|CS|TAMS 0x000000008fe00000, 0x000000008fe00000| Complete 
| 255|0x000000008ff00000, 0x0000000090000000, 0x0000000090000000|100%| E|CS|TAMS 0x000000008ff00000, 0x000000008ff00000| Complete 
| 256|0x0000000090000000, 0x0000000090100000, 0x0000000090100000|100%| E|CS|TAMS 0x0000000090000000, 0x0000000090000000| Complete 
| 257|0x0000000090100000, 0x0000000090200000, 0x0000000090200000|100%| E|CS|TAMS 0x0000000090100000, 0x0000000090100000| Complete 
| 258|0x0000000090200000, 0x0000000090300000, 0x0000000090300000|100%| E|CS|TAMS 0x0000000090200000, 0x0000000090200000| Complete 
| 259|0x0000000090300000, 0x0000000090400000, 0x0000000090400000|100%| E|CS|TAMS 0x0000000090300000, 0x0000000090300000| Complete 
| 260|0x0000000090400000, 0x0000000090500000, 0x0000000090500000|100%| E|CS|TAMS 0x0000000090400000, 0x0000000090400000| Complete 
| 261|0x0000000090500000, 0x0000000090600000, 0x0000000090600000|100%| E|CS|TAMS 0x0000000090500000, 0x0000000090500000| Complete 
| 262|0x0000000090600000, 0x0000000090700000, 0x0000000090700000|100%| E|CS|TAMS 0x0000000090600000, 0x0000000090600000| Complete 
| 263|0x0000000090700000, 0x0000000090800000, 0x0000000090800000|100%| E|CS|TAMS 0x0000000090700000, 0x0000000090700000| Complete 
| 264|0x0000000090800000, 0x0000000090900000, 0x0000000090900000|100%| E|CS|TAMS 0x0000000090800000, 0x0000000090800000| Complete 
| 265|0x0000000090900000, 0x0000000090a00000, 0x0000000090a00000|100%| E|CS|TAMS 0x0000000090900000, 0x0000000090900000| Complete 
| 266|0x0000000090a00000, 0x0000000090b00000, 0x0000000090b00000|100%| E|CS|TAMS 0x0000000090a00000, 0x0000000090a00000| Complete 
| 267|0x0000000090b00000, 0x0000000090c00000, 0x0000000090c00000|100%| E|CS|TAMS 0x0000000090b00000, 0x0000000090b00000| Complete 
| 268|0x0000000090c00000, 0x0000000090d00000, 0x0000000090d00000|100%| E|CS|TAMS 0x0000000090c00000, 0x0000000090c00000| Complete 
| 269|0x0000000090d00000, 0x0000000090e00000, 0x0000000090e00000|100%| E|CS|TAMS 0x0000000090d00000, 0x0000000090d00000| Complete 
| 270|0x0000000090e00000, 0x0000000090f00000, 0x0000000090f00000|100%| E|CS|TAMS 0x0000000090e00000, 0x0000000090e00000| Complete 
| 271|0x0000000090f00000, 0x0000000091000000, 0x0000000091000000|100%| E|CS|TAMS 0x0000000090f00000, 0x0000000090f00000| Complete 
| 272|0x0000000091000000, 0x0000000091100000, 0x0000000091100000|100%| E|CS|TAMS 0x0000000091000000, 0x0000000091000000| Complete 
| 273|0x0000000091100000, 0x0000000091200000, 0x0000000091200000|100%| E|CS|TAMS 0x0000000091100000, 0x0000000091100000| Complete 
| 274|0x0000000091200000, 0x0000000091300000, 0x0000000091300000|100%| E|CS|TAMS 0x0000000091200000, 0x0000000091200000| Complete 
| 275|0x0000000091300000, 0x0000000091400000, 0x0000000091400000|100%| E|CS|TAMS 0x0000000091300000, 0x0000000091300000| Complete 
| 276|0x0000000091400000, 0x0000000091500000, 0x0000000091500000|100%| E|CS|TAMS 0x0000000091400000, 0x0000000091400000| Complete 
| 277|0x0000000091500000, 0x0000000091600000, 0x0000000091600000|100%| E|CS|TAMS 0x0000000091500000, 0x0000000091500000| Complete 
| 278|0x0000000091600000, 0x0000000091700000, 0x0000000091700000|100%| E|CS|TAMS 0x0000000091600000, 0x0000000091600000| Complete 
| 279|0x0000000091700000, 0x0000000091800000, 0x0000000091800000|100%| E|CS|TAMS 0x0000000091700000, 0x0000000091700000| Complete 
| 280|0x0000000091800000, 0x0000000091900000, 0x0000000091900000|100%| E|CS|TAMS 0x0000000091800000, 0x0000000091800000| Complete 
| 281|0x0000000091900000, 0x0000000091a00000, 0x0000000091a00000|100%| E|CS|TAMS 0x0000000091900000, 0x0000000091900000| Complete 
| 282|0x0000000091a00000, 0x0000000091b00000, 0x0000000091b00000|100%| E|CS|TAMS 0x0000000091a00000, 0x0000000091a00000| Complete 
| 283|0x0000000091b00000, 0x0000000091c00000, 0x0000000091c00000|100%| E|CS|TAMS 0x0000000091b00000, 0x0000000091b00000| Complete 
| 284|0x0000000091c00000, 0x0000000091d00000, 0x0000000091d00000|100%| E|CS|TAMS 0x0000000091c00000, 0x0000000091c00000| Complete 
| 285|0x0000000091d00000, 0x0000000091e00000, 0x0000000091e00000|100%| E|CS|TAMS 0x0000000091d00000, 0x0000000091d00000| Complete 
| 286|0x0000000091e00000, 0x0000000091f00000, 0x0000000091f00000|100%| E|CS|TAMS 0x0000000091e00000, 0x0000000091e00000| Complete 
| 295|0x0000000092700000, 0x0000000092800000, 0x0000000092800000|100%| E|CS|TAMS 0x0000000092700000, 0x0000000092700000| Complete 
| 296|0x0000000092800000, 0x0000000092900000, 0x0000000092900000|100%| E|CS|TAMS 0x0000000092800000, 0x0000000092800000| Complete 
| 297|0x0000000092900000, 0x0000000092a00000, 0x0000000092a00000|100%| E|CS|TAMS 0x0000000092900000, 0x0000000092900000| Complete 

Card table byte_map: [0x000002d2576c0000,0x000002d257ac0000] _byte_map_base: 0x000002d2572c0000

Marking Bits (Prev, Next): (CMBitMap*) 0x000002d24027e730, (CMBitMap*) 0x000002d24027e6f0
 Prev Bits: [0x000002d259ec0000, 0x000002d25bec0000)
 Next Bits: [0x000002d257ec0000, 0x000002d259ec0000)

Polling page: 0x000002d23e150000

Metaspace:

Usage:
  Non-class:     69.36 MB used.
      Class:     11.25 MB used.
       Both:     80.61 MB used.

Virtual space:
  Non-class space:      128.00 MB reserved,      69.75 MB ( 54%) committed,  2 nodes.
      Class space:        1.00 GB reserved,      11.62 MB (  1%) committed,  1 nodes.
             Both:        1.12 GB reserved,      81.38 MB (  7%) committed. 

Chunk freelists:
   Non-Class:  10.20 MB
       Class:  4.41 MB
        Both:  14.61 MB

MaxMetaspaceSize: unlimited
CompressedClassSpaceSize: 1.00 GB
Initial GC threshold: 21.00 MB
Current GC threshold: 128.25 MB
CDS: on
MetaspaceReclaimPolicy: balanced
 - commit_granule_bytes: 65536.
 - commit_granule_words: 8192.
 - virtual_space_node_default_size: 8388608.
 - enlarge_chunks_in_place: 1.
 - new_chunks_are_fully_committed: 0.
 - uncommit_free_chunks: 1.
 - use_allocation_guard: 0.
 - handle_deallocations: 1.


Internal statistics:

num_allocs_failed_limit: 12.
num_arena_births: 986.
num_arena_deaths: 0.
num_vsnodes_births: 3.
num_vsnodes_deaths: 0.
num_space_committed: 1301.
num_space_uncommitted: 0.
num_chunks_returned_to_freelist: 12.
num_chunks_taken_from_freelist: 4502.
num_chunk_merges: 9.
num_chunk_splits: 2921.
num_chunks_enlarged: 1922.
num_inconsistent_stats: 0.

CodeHeap 'non-profiled nmethods': size=120000Kb used=5664Kb max_used=5847Kb free=114335Kb
 bounds [0x000002d24f820000, 0x000002d24fde0000, 0x000002d256d50000]
CodeHeap 'profiled nmethods': size=120000Kb used=16593Kb max_used=17447Kb free=103406Kb
 bounds [0x000002d247d50000, 0x000002d248e70000, 0x000002d24f280000]
CodeHeap 'non-nmethods': size=5760Kb used=2391Kb max_used=2450Kb free=3368Kb
 bounds [0x000002d24f280000, 0x000002d24f4f0000, 0x000002d24f820000]
 total_blobs=9763 nmethods=8840 adapters=835
 compilation: enabled
              stopped_count=0, restarted_count=0
 full_count=0

Compilation events (20 events):
Event: 34.403 Thread 0x000002d2a40173d0 10446       3       sun.nio.cs.StreamEncoder::implWrite (137 bytes)
Event: 34.404 Thread 0x000002d2a40173d0 nmethod 10446 0x000002d248309890 code [0x000002d248309ac0, 0x000002d24830a2c8]
Event: 34.890 Thread 0x000002d2a40173d0 10447       3       javax.management.ObjectName::<init> (15 bytes)
Event: 34.890 Thread 0x000002d2a6b6d290 10449       4       java.util.stream.Collectors$$Lambda$75/0x000002d260074480::accept (14 bytes)
Event: 34.890 Thread 0x000002d2a40173d0 nmethod 10447 0x000002d248309490 code [0x000002d248309640, 0x000002d2483097e8]
Event: 34.890 Thread 0x000002d2a40173d0 10448       3       sun.management.Util::newObjectName (11 bytes)
Event: 34.893 Thread 0x000002d2a40173d0 nmethod 10448 0x000002d2486d6d10 code [0x000002d2486d70e0, 0x000002d2486d9138]
Event: 34.902 Thread 0x000002d2a6b6d290 nmethod 10449 0x000002d24fcf6890 code [0x000002d24fcf6a20, 0x000002d24fcf71f8]
Event: 35.108 Thread 0x000002d2a40173d0 10450       3       java.util.ArrayList::<init> (63 bytes)
Event: 35.109 Thread 0x000002d2a40173d0 nmethod 10450 0x000002d248065f10 code [0x000002d248066100, 0x000002d248066698]
Event: 35.128 Thread 0x000002d2a40173d0 10451       3       org.gradle.internal.serialize.InputStreamBackedDecoder::readInt (8 bytes)
Event: 35.128 Thread 0x000002d2a40173d0 nmethod 10451 0x000002d24851f990 code [0x000002d24851fb40, 0x000002d24851fc88]
Event: 35.128 Thread 0x000002d2a40173d0 10452       3       org.gradle.internal.serialize.InputStreamBackedDecoder::readString (8 bytes)
Event: 35.128 Thread 0x000002d2a40173d0 nmethod 10452 0x000002d2486d6810 code [0x000002d2486d69c0, 0x000002d2486d6b68]
Event: 35.965 Thread 0x000002d2a40173d0 10453       1       org.gradle.internal.concurrent.AbstractManagedExecutor::access$100 (5 bytes)
Event: 35.965 Thread 0x000002d2a40173d0 nmethod 10453 0x000002d24fbc5190 code [0x000002d24fbc5320, 0x000002d24fbc53d8]
Event: 36.045 Thread 0x000002d2a40173d0 10454       3       java.util.HashMap$ValueSpliterator::forEachRemaining (186 bytes)
Event: 36.046 Thread 0x000002d2a40173d0 nmethod 10454 0x000002d248605a90 code [0x000002d248605ca0, 0x000002d2486064a8]
Event: 39.941 Thread 0x000002d2a4013e90 10455       4       java.util.Collection::stream (11 bytes)
Event: 39.947 Thread 0x000002d2a4013e90 nmethod 10455 0x000002d24fc34e90 code [0x000002d24fc35020, 0x000002d24fc35358]

GC Heap History (20 events):
Event: 19.796 GC heap before
{Heap before GC invocations=16 (full 0):
 garbage-first heap   total 90112K, used 73113K [0x0000000080000000, 0x0000000100000000)
  region size 1024K, 29 young (29696K), 3 survivors (3072K)
 Metaspace       used 46439K, committed 46912K, reserved 1114112K
  class space    used 6414K, committed 6592K, reserved 1048576K
}
Event: 19.799 GC heap after
{Heap after GC invocations=17 (full 0):
 garbage-first heap   total 90112K, used 47687K [0x0000000080000000, 0x0000000100000000)
  region size 1024K, 3 young (3072K), 3 survivors (3072K)
 Metaspace       used 46439K, committed 46912K, reserved 1114112K
  class space    used 6414K, committed 6592K, reserved 1048576K
}
Event: 19.966 GC heap before
{Heap before GC invocations=17 (full 0):
 garbage-first heap   total 90112K, used 56903K [0x0000000080000000, 0x0000000100000000)
  region size 1024K, 14 young (14336K), 3 survivors (3072K)
 Metaspace       used 46526K, committed 47040K, reserved 1114112K
  class space    used 6434K, committed 6720K, reserved 1048576K
}
Event: 19.969 GC heap after
{Heap after GC invocations=18 (full 0):
 garbage-first heap   total 108544K, used 48566K [0x0000000080000000, 0x0000000100000000)
  region size 1024K, 3 young (3072K), 3 survivors (3072K)
 Metaspace       used 46526K, committed 47040K, reserved 1114112K
  class space    used 6434K, committed 6720K, reserved 1048576K
}
Event: 19.978 GC heap before
{Heap before GC invocations=18 (full 0):
 garbage-first heap   total 108544K, used 49590K [0x0000000080000000, 0x0000000100000000)
  region size 1024K, 4 young (4096K), 3 survivors (3072K)
 Metaspace       used 46527K, committed 47040K, reserved 1114112K
  class space    used 6434K, committed 6720K, reserved 1048576K
}
Event: 19.980 GC heap after
{Heap after GC invocations=19 (full 0):
 garbage-first heap   total 108544K, used 49668K [0x0000000080000000, 0x0000000100000000)
  region size 1024K, 3 young (3072K), 3 survivors (3072K)
 Metaspace       used 46527K, committed 47040K, reserved 1114112K
  class space    used 6434K, committed 6720K, reserved 1048576K
}
Event: 19.999 GC heap before
{Heap before GC invocations=19 (full 0):
 garbage-first heap   total 108544K, used 50692K [0x0000000080000000, 0x0000000100000000)
  region size 1024K, 4 young (4096K), 3 survivors (3072K)
 Metaspace       used 46527K, committed 47040K, reserved 1114112K
  class space    used 6434K, committed 6720K, reserved 1048576K
}
Event: 20.001 GC heap after
{Heap after GC invocations=20 (full 0):
 garbage-first heap   total 108544K, used 51131K [0x0000000080000000, 0x0000000100000000)
  region size 1024K, 3 young (3072K), 3 survivors (3072K)
 Metaspace       used 46527K, committed 47040K, reserved 1114112K
  class space    used 6434K, committed 6720K, reserved 1048576K
}
Event: 20.678 GC heap before
{Heap before GC invocations=21 (full 0):
 garbage-first heap   total 108544K, used 79803K [0x0000000080000000, 0x0000000100000000)
  region size 1024K, 29 young (29696K), 3 survivors (3072K)
 Metaspace       used 47669K, committed 48192K, reserved 1114112K
  class space    used 6644K, committed 6912K, reserved 1048576K
}
Event: 20.682 GC heap after
{Heap after GC invocations=22 (full 0):
 garbage-first heap   total 108544K, used 59258K [0x0000000080000000, 0x0000000100000000)
  region size 1024K, 4 young (4096K), 4 survivors (4096K)
 Metaspace       used 47669K, committed 48192K, reserved 1114112K
  class space    used 6644K, committed 6912K, reserved 1048576K
}
Event: 20.684 GC heap before
{Heap before GC invocations=22 (full 0):
 garbage-first heap   total 108544K, used 60282K [0x0000000080000000, 0x0000000100000000)
  region size 1024K, 5 young (5120K), 4 survivors (4096K)
 Metaspace       used 47670K, committed 48192K, reserved 1114112K
  class space    used 6644K, committed 6912K, reserved 1048576K
}
Event: 20.689 GC heap after
{Heap after GC invocations=23 (full 0):
 garbage-first heap   total 108544K, used 59002K [0x0000000080000000, 0x0000000100000000)
  region size 1024K, 1 young (1024K), 1 survivors (1024K)
 Metaspace       used 47670K, committed 48192K, reserved 1114112K
  class space    used 6644K, committed 6912K, reserved 1048576K
}
Event: 22.137 GC heap before
{Heap before GC invocations=23 (full 0):
 garbage-first heap   total 108544K, used 73338K [0x0000000080000000, 0x0000000100000000)
  region size 1024K, 17 young (17408K), 1 survivors (1024K)
 Metaspace       used 48626K, committed 49216K, reserved 1114112K
  class space    used 6795K, committed 7040K, reserved 1048576K
}
Event: 22.143 GC heap after
{Heap after GC invocations=24 (full 0):
 garbage-first heap   total 305152K, used 60556K [0x0000000080000000, 0x0000000100000000)
  region size 1024K, 2 young (2048K), 2 survivors (2048K)
 Metaspace       used 48626K, committed 49216K, reserved 1114112K
  class space    used 6795K, committed 7040K, reserved 1048576K
}
Event: 25.857 GC heap before
{Heap before GC invocations=24 (full 0):
 garbage-first heap   total 305152K, used 193676K [0x0000000080000000, 0x0000000100000000)
  region size 1024K, 125 young (128000K), 2 survivors (2048K)
 Metaspace       used 59824K, committed 60480K, reserved 1114112K
  class space    used 8214K, committed 8512K, reserved 1048576K
}
Event: 25.868 GC heap after
{Heap after GC invocations=25 (full 0):
 garbage-first heap   total 305152K, used 71445K [0x0000000080000000, 0x0000000100000000)
  region size 1024K, 10 young (10240K), 10 survivors (10240K)
 Metaspace       used 59824K, committed 60480K, reserved 1114112K
  class space    used 8214K, committed 8512K, reserved 1048576K
}
Event: 28.031 GC heap before
{Heap before GC invocations=25 (full 0):
 garbage-first heap   total 305152K, used 201493K [0x0000000080000000, 0x0000000100000000)
  region size 1024K, 137 young (140288K), 10 survivors (10240K)
 Metaspace       used 67566K, committed 68224K, reserved 1114112K
  class space    used 9224K, committed 9472K, reserved 1048576K
}
Event: 28.043 GC heap after
{Heap after GC invocations=26 (full 0):
 garbage-first heap   total 305152K, used 79063K [0x0000000080000000, 0x0000000100000000)
  region size 1024K, 16 young (16384K), 16 survivors (16384K)
 Metaspace       used 67566K, committed 68224K, reserved 1114112K
  class space    used 9224K, committed 9472K, reserved 1048576K
}
Event: 32.438 GC heap before
{Heap before GC invocations=26 (full 0):
 garbage-first heap   total 305152K, used 205015K [0x0000000080000000, 0x0000000100000000)
  region size 1024K, 140 young (143360K), 16 survivors (16384K)
 Metaspace       used 77470K, committed 78208K, reserved 1179648K
  class space    used 10806K, committed 11136K, reserved 1048576K
}
Event: 32.460 GC heap after
{Heap after GC invocations=27 (full 0):
 garbage-first heap   total 305152K, used 84989K [0x0000000080000000, 0x0000000100000000)
  region size 1024K, 14 young (14336K), 14 survivors (14336K)
 Metaspace       used 77470K, committed 78208K, reserved 1179648K
  class space    used 10806K, committed 11136K, reserved 1048576K
}

Dll operation events (15 events):
Event: 0.022 Loaded shared library C:\java\jdk17.0.14_7\bin\java.dll
Event: 0.061 Loaded shared library C:\java\jdk17.0.14_7\bin\jsvml.dll
Event: 0.265 Loaded shared library C:\java\jdk17.0.14_7\bin\zip.dll
Event: 0.276 Loaded shared library C:\java\jdk17.0.14_7\bin\instrument.dll
Event: 0.289 Loaded shared library C:\java\jdk17.0.14_7\bin\net.dll
Event: 0.294 Loaded shared library C:\java\jdk17.0.14_7\bin\nio.dll
Event: 0.303 Loaded shared library C:\java\jdk17.0.14_7\bin\zip.dll
Event: 1.239 Loaded shared library C:\java\jdk17.0.14_7\bin\jimage.dll
Event: 1.669 Loaded shared library C:\java\jdk17.0.14_7\bin\verify.dll
Event: 1.923 Loaded shared library C:\Users\sriva\.gradle\native\1def1411415f61bf3af743bc5b6707747c0891f09f0c88961ee8f79bc544acac\windows-amd64\native-platform.dll
Event: 1.967 Loaded shared library C:\Users\sriva\.gradle\native\0.2.7\x86_64-windows-gnu\gradle-fileevents.dll
Event: 3.806 Loaded shared library C:\java\jdk17.0.14_7\bin\management.dll
Event: 3.809 Loaded shared library C:\java\jdk17.0.14_7\bin\management_ext.dll
Event: 4.652 Loaded shared library C:\java\jdk17.0.14_7\bin\extnet.dll
Event: 5.083 Loaded shared library C:\java\jdk17.0.14_7\bin\sunmscapi.dll

Deoptimization events (20 events):
Event: 34.425 Thread 0x000002d2a8470e30 Uncommon trap: trap_request=0xffffff45 fr.pc=0x000002d24fb734dc relative=0x000000000000063c
Event: 34.425 Thread 0x000002d2a8470e30 Uncommon trap: reason=unstable_if action=reinterpret pc=0x000002d24fb734dc method=org.gradle.internal.snapshot.VfsRelativePath.lengthOfCommonPrefix(Ljava/lang/String;Lorg/gradle/internal/snapshot/CaseSensitivity;)I @ 107 c2
Event: 34.425 Thread 0x000002d2a8470e30 DEOPT PACKING pc=0x000002d24fb734dc sp=0x000000f688afb5d0
Event: 34.425 Thread 0x000002d2a8470e30 DEOPT UNPACKING pc=0x000002d24f2d69a3 sp=0x000000f688afb570 mode 2
Event: 34.428 Thread 0x000002d2a8470e30 Uncommon trap: trap_request=0xffffff45 fr.pc=0x000002d24fb446c4 relative=0x0000000000000204
Event: 34.428 Thread 0x000002d2a8470e30 Uncommon trap: reason=unstable_if action=reinterpret pc=0x000002d24fb446c4 method=org.gradle.internal.file.FileHierarchySet$Node.isChildOfOrThis(Ljava/lang/String;I)Z @ 72 c2
Event: 34.428 Thread 0x000002d2a8470e30 DEOPT PACKING pc=0x000002d24fb446c4 sp=0x000000f688afac60
Event: 34.428 Thread 0x000002d2a8470e30 DEOPT UNPACKING pc=0x000002d24f2d69a3 sp=0x000000f688afac00 mode 2
Event: 34.613 Thread 0x000002d2a8470e30 Uncommon trap: trap_request=0xffffff45 fr.pc=0x000002d24fb97c14 relative=0x0000000000004bd4
Event: 34.613 Thread 0x000002d2a8470e30 Uncommon trap: reason=unstable_if action=reinterpret pc=0x000002d24fb97c14 method=sun.nio.fs.NativeBuffers.releaseNativeBuffer(Lsun/nio/fs/NativeBuffer;)V @ 35 c2
Event: 34.613 Thread 0x000002d2a8470e30 DEOPT PACKING pc=0x000002d24fb97c14 sp=0x000000f688afb130
Event: 34.613 Thread 0x000002d2a8470e30 DEOPT UNPACKING pc=0x000002d24f2d69a3 sp=0x000000f688afb018 mode 2
Event: 34.614 Thread 0x000002d2a8470e30 Uncommon trap: trap_request=0xffffff45 fr.pc=0x000002d24fb35a70 relative=0x00000000000001d0
Event: 34.614 Thread 0x000002d2a8470e30 Uncommon trap: reason=unstable_if action=reinterpret pc=0x000002d24fb35a70 method=com.google.common.collect.RegularImmutableSet.contains(Ljava/lang/Object;)Z @ 11 c2
Event: 34.614 Thread 0x000002d2a8470e30 DEOPT PACKING pc=0x000002d24fb35a70 sp=0x000000f688afa5f0
Event: 34.614 Thread 0x000002d2a8470e30 DEOPT UNPACKING pc=0x000002d24f2d69a3 sp=0x000000f688afa588 mode 2
Event: 39.655 Thread 0x000002d2a8470e30 Uncommon trap: trap_request=0xffffffc6 fr.pc=0x000002d24fbd3a64 relative=0x0000000000000084
Event: 39.655 Thread 0x000002d2a8470e30 Uncommon trap: reason=bimorphic_or_optimized_type_check action=maybe_recompile pc=0x000002d24fbd3a64 method=org.gradle.internal.logging.sink.OutputEventRenderer.onOutput(Lorg/gradle/internal/logging/events/OutputEvent;)V @ 1 c2
Event: 39.655 Thread 0x000002d2a8470e30 DEOPT PACKING pc=0x000002d24fbd3a64 sp=0x000000f688af9940
Event: 39.655 Thread 0x000002d2a8470e30 DEOPT UNPACKING pc=0x000002d24f2d69a3 sp=0x000000f688af9880 mode 2

Classes loaded (20 events):
Event: 33.351 Loading class java/util/TreeMap$TreeMapSpliterator done
Event: 33.351 Loading class java/util/TreeMap$KeySpliterator done
Event: 33.955 Loading class java/lang/AbstractMethodError
Event: 33.955 Loading class java/lang/AbstractMethodError done
Event: 33.971 Loading class java/security/cert/PolicyQualifierInfo
Event: 33.972 Loading class java/security/cert/PolicyQualifierInfo done
Event: 34.035 Loading class java/nio/charset/IllegalCharsetNameException
Event: 34.035 Loading class java/nio/charset/IllegalCharsetNameException done
Event: 34.035 Loading class java/nio/charset/UnsupportedCharsetException
Event: 34.035 Loading class java/nio/charset/UnsupportedCharsetException done
Event: 34.057 Loading class sun/nio/cs/US_ASCII$Encoder
Event: 34.057 Loading class sun/nio/cs/US_ASCII$Encoder done
Event: 34.057 Loading class sun/nio/cs/Surrogate$Parser
Event: 34.057 Loading class sun/nio/cs/Surrogate$Parser done
Event: 34.057 Loading class sun/nio/cs/Surrogate
Event: 34.057 Loading class sun/nio/cs/Surrogate done
Event: 34.059 Loading class java/nio/StringCharBuffer
Event: 34.060 Loading class java/nio/StringCharBuffer done
Event: 34.417 Loading class java/time/Instant$1
Event: 34.419 Loading class java/time/Instant$1 done

Classes unloaded (0 events):
No events

Classes redefined (0 events):
No events

Internal exceptions (20 events):
Event: 30.909 Thread 0x000002d2a618ea50 Exception <a 'java/lang/NoClassDefFoundError'{0x000000008ee78518}: org/jetbrains/kotlin/gradle/plugin/KotlinBasePluginWrapper> (0x000000008ee78518) 
thrown [s\src\hotspot\share\oops\constantPool.cpp, line 837]
Event: 31.081 Thread 0x000002d2a618ea50 Implicit null exception at 0x000002d24fa3d44b to 0x000002d24fa3d470
Event: 31.269 Thread 0x000002d2a618ea50 Exception <a 'java/lang/NoSuchMethodError'{0x000000008e202bc0}: 'java.lang.Object java.lang.invoke.DirectMethodHandle$Holder.newInvokeSpecial(java.lang.Object, java.lang.Object, java.lang.Object, java.lang.Object, java.lang.Object, java.lang.Object, int)'> (0x000000008e202bc0) 
thrown [s\src\hotspot\share\interpreter\linkResolver.cpp, line 759]
Event: 31.269 Thread 0x000002d2a618ea50 Exception <a 'java/lang/NoSuchMethodError'{0x000000008e2085c8}: 'java.lang.Object java.lang.invoke.DirectMethodHandle$Holder.invokeSpecial(java.lang.Object, java.lang.Object, java.lang.Object, java.lang.Object, java.lang.Object, java.lang.Object, java.lang.Object, int)'> (0x000000008e2085c8) 
thrown [s\src\hotspot\share\interpreter\linkResolver.cpp, line 759]
Event: 31.270 Thread 0x000002d2a618ea50 Exception <a 'java/lang/NoSuchMethodError'{0x000000008e20d9a0}: 'java.lang.Object java.lang.invoke.Invokers$Holder.linkToTargetMethod(java.lang.Object, java.lang.Object, java.lang.Object, java.lang.Object, java.lang.Object, int, java.lang.Object)'> (0x000000008e20d9a0) 
thrown [s\src\hotspot\share\interpreter\linkResolver.cpp, line 759]
Event: 31.427 Thread 0x000002d2a618ea50 Implicit null exception at 0x000002d24f89ba91 to 0x000002d24f89bc04
Event: 31.621 Thread 0x000002d2a618ea50 Exception <a 'java/lang/IncompatibleClassChangeError'{0x000000008d4ae050}: Found class java.lang.Object, but interface was expected> (0x000000008d4ae050) 
thrown [s\src\hotspot\share\interpreter\linkResolver.cpp, line 826]
Event: 31.870 Thread 0x000002d2a618ea50 Exception <a 'sun/nio/fs/WindowsException'{0x000000008cabc6d0}> (0x000000008cabc6d0) 
thrown [s\src\hotspot\share\prims\jni.cpp, line 516]
Event: 31.871 Thread 0x000002d2a618ea50 Exception <a 'sun/nio/fs/WindowsException'{0x000000008cabdd10}> (0x000000008cabdd10) 
thrown [s\src\hotspot\share\prims\jni.cpp, line 516]
Event: 31.872 Thread 0x000002d2a618ea50 Exception <a 'sun/nio/fs/WindowsException'{0x000000008cabf3a0}> (0x000000008cabf3a0) 
thrown [s\src\hotspot\share\prims\jni.cpp, line 516]
Event: 31.872 Thread 0x000002d2a618ea50 Exception <a 'sun/nio/fs/WindowsException'{0x000000008cac0a30}> (0x000000008cac0a30) 
thrown [s\src\hotspot\share\prims\jni.cpp, line 516]
Event: 32.065 Thread 0x000002d2a618ea50 Exception <a 'java/lang/NullPointerException'{0x000000008bfcb9b0}> (0x000000008bfcb9b0) 
thrown [s\src\hotspot\share\interpreter\linkResolver.cpp, line 1433]
Event: 32.173 Thread 0x000002d2a618ea50 Implicit null exception at 0x000002d24f993ead to 0x000002d24f995444
Event: 33.667 Thread 0x000002d2a846f9f0 Exception <a 'java/lang/NoSuchMethodError'{0x000000009003da10}: 'java.lang.Object java.lang.invoke.DirectMethodHandle$Holder.newInvokeSpecial(java.lang.Object, java.lang.Object, int, java.lang.Object, java.lang.Object)'> (0x000000009003da10) 
thrown [s\src\hotspot\share\interpreter\linkResolver.cpp, line 759]
Event: 33.977 Thread 0x000002d2a8470e30 Exception <a 'java/lang/NoSuchMethodError'{0x000000008f410170}: 'void java.lang.invoke.DirectMethodHandle$Holder.invokeSpecial(java.lang.Object, java.lang.Object, java.lang.Object, java.lang.Object, int, java.lang.Object, java.lang.Object)'> (0x000000008f410170) 
thrown [s\src\hotspot\share\interpreter\linkResolver.cpp, line 759]
Event: 33.987 Thread 0x000002d2a8470e30 Exception <a 'java/lang/NoSuchMethodError'{0x000000008f4d9ad8}: 'void java.lang.invoke.DirectMethodHandle$Holder.invokeInterface(java.lang.Object, java.lang.Object, java.lang.Object, java.lang.Object)'> (0x000000008f4d9ad8) 
thrown [s\src\hotspot\share\interpreter\linkResolver.cpp, line 759]
Event: 34.047 Thread 0x000002d2a8470e30 Exception <a 'sun/nio/fs/WindowsException'{0x000000008f399258}> (0x000000008f399258) 
thrown [s\src\hotspot\share\prims\jni.cpp, line 516]
Event: 34.151 Thread 0x000002d2a8470e30 Exception <a 'sun/nio/fs/WindowsException'{0x000000008f00bbc8}> (0x000000008f00bbc8) 
thrown [s\src\hotspot\share\prims\jni.cpp, line 516]
Event: 34.162 Thread 0x000002d2a8470e30 Exception <a 'java/lang/IncompatibleClassChangeError'{0x000000008f05afc0}: Found class java.lang.Object, but interface was expected> (0x000000008f05afc0) 
thrown [s\src\hotspot\share\interpreter\linkResolver.cpp, line 826]
Event: 39.656 Thread 0x000002d2a8470e30 Exception <a 'net/rubygrapefruit/platform/NativeException'{0x000000008ea9bc00}: Execution timed out> (0x000000008ea9bc00) 
thrown [s\src\hotspot\share\prims\jni.cpp, line 535]

VM Operations (20 events):
Event: 33.983 Executing VM operation: HandshakeAllThreads
Event: 33.983 Executing VM operation: HandshakeAllThreads done
Event: 34.009 Executing VM operation: HandshakeAllThreads
Event: 34.009 Executing VM operation: HandshakeAllThreads done
Event: 34.092 Executing VM operation: HandshakeAllThreads
Event: 34.092 Executing VM operation: HandshakeAllThreads done
Event: 34.094 Executing VM operation: HandshakeAllThreads
Event: 34.094 Executing VM operation: HandshakeAllThreads done
Event: 34.098 Executing VM operation: HandshakeAllThreads
Event: 34.098 Executing VM operation: HandshakeAllThreads done
Event: 34.214 Executing VM operation: HandshakeAllThreads
Event: 34.214 Executing VM operation: HandshakeAllThreads done
Event: 34.424 Executing VM operation: HandshakeAllThreads
Event: 34.424 Executing VM operation: HandshakeAllThreads done
Event: 35.435 Executing VM operation: Cleanup
Event: 35.436 Executing VM operation: Cleanup done
Event: 36.437 Executing VM operation: Cleanup
Event: 36.437 Executing VM operation: Cleanup done
Event: 37.439 Executing VM operation: Cleanup
Event: 37.439 Executing VM operation: Cleanup done

Memory protections (0 events):
No events

Nmethod flushes (20 events):
Event: 31.763 Thread 0x000002d2a4018850 flushing  nmethod 0x000002d248b4ae90
Event: 31.763 Thread 0x000002d2a4018850 flushing  nmethod 0x000002d248b4e390
Event: 31.764 Thread 0x000002d2a4018850 flushing  nmethod 0x000002d248b60e90
Event: 31.764 Thread 0x000002d2a4018850 flushing  nmethod 0x000002d248b6c190
Event: 31.764 Thread 0x000002d2a4018850 flushing  nmethod 0x000002d248b6cb90
Event: 31.764 Thread 0x000002d2a4018850 flushing  nmethod 0x000002d248b6f190
Event: 31.764 Thread 0x000002d2a4018850 flushing  nmethod 0x000002d248b73290
Event: 31.764 Thread 0x000002d2a4018850 flushing  nmethod 0x000002d248b7e190
Event: 31.764 Thread 0x000002d2a4018850 flushing  nmethod 0x000002d248b82d90
Event: 31.764 Thread 0x000002d2a4018850 flushing  nmethod 0x000002d248b86a90
Event: 31.764 Thread 0x000002d2a4018850 flushing  nmethod 0x000002d248bfd510
Event: 31.764 Thread 0x000002d2a4018850 flushing  nmethod 0x000002d248c09990
Event: 31.765 Thread 0x000002d2a4018850 flushing  nmethod 0x000002d248c18910
Event: 31.765 Thread 0x000002d2a4018850 flushing  nmethod 0x000002d248c40590
Event: 31.765 Thread 0x000002d2a4018850 flushing  nmethod 0x000002d248c94a10
Event: 31.765 Thread 0x000002d2a4018850 flushing  nmethod 0x000002d248ced810
Event: 31.765 Thread 0x000002d2a4018850 flushing  nmethod 0x000002d248cef390
Event: 31.765 Thread 0x000002d2a4018850 flushing  nmethod 0x000002d248cf0d10
Event: 31.766 Thread 0x000002d2a4018850 flushing  nmethod 0x000002d248d15d10
Event: 31.766 Thread 0x000002d2a4018850 flushing  nmethod 0x000002d248d16d10

Events (20 events):
Event: 27.012 Thread 0x000002d2a618ea50 Thread added: 0x000002d2a846db90
Event: 27.784 Thread 0x000002d2a6b6ed20 Thread exited: 0x000002d2a6b6ed20
Event: 28.547 Thread 0x000002d2a43b5d80 Thread exited: 0x000002d2a43b5d80
Event: 28.946 Thread 0x000002d2a40173d0 Thread added: 0x000002d2a6b6c7f0
Event: 30.165 Thread 0x000002d2a6b6c7f0 Thread exited: 0x000002d2a6b6c7f0
Event: 30.817 Thread 0x000002d2a40173d0 Thread added: 0x000002d2a6b6d290
Event: 33.413 Thread 0x000002d2a618ea50 Thread added: 0x000002d2a846f9f0
Event: 33.675 Thread 0x000002d2a846f9f0 Thread added: 0x000002d2a846e5b0
Event: 33.675 Thread 0x000002d2a846f9f0 Thread added: 0x000002d2a846eac0
Event: 33.675 Thread 0x000002d2a846f9f0 Thread added: 0x000002d2a846c240
Event: 33.675 Thread 0x000002d2a846f9f0 Thread added: 0x000002d2a846f4e0
Event: 33.676 Thread 0x000002d2a846f9f0 Thread added: 0x000002d2a846ff00
Event: 33.676 Thread 0x000002d2a846f9f0 Thread added: 0x000002d2a846c750
Event: 33.676 Thread 0x000002d2a846f9f0 Thread added: 0x000002d2a8470410
Event: 33.676 Thread 0x000002d2a846f9f0 Thread added: 0x000002d2a846cc60
Event: 33.676 Thread 0x000002d2a846f9f0 Thread added: 0x000002d2a8470920
Event: 33.676 Thread 0x000002d2a846f9f0 Thread added: 0x000002d2a8470e30
Event: 33.676 Thread 0x000002d2a846f9f0 Thread added: 0x000002d2a8471340
Event: 33.834 Thread 0x000002d2a8470e30 Thread added: 0x000002d2a8471850
Event: 35.108 Thread 0x000002d2a6b6d290 Thread exited: 0x000002d2a6b6d290


Dynamic libraries:
0x00007ff79a2f0000 - 0x00007ff79a2fe000 	C:\java\jdk17.0.14_7\bin\java.exe
0x00007ff999f00000 - 0x00007ff99a168000 	C:\WINDOWS\SYSTEM32\ntdll.dll
0x00007ff999980000 - 0x00007ff999a49000 	C:\WINDOWS\System32\KERNEL32.DLL
0x00007ff9978a0000 - 0x00007ff997c98000 	C:\WINDOWS\System32\KERNELBASE.dll
0x00007ff9836e0000 - 0x00007ff9836f7000 	C:\java\jdk17.0.14_7\bin\jli.dll
0x00007ff999a50000 - 0x00007ff999c17000 	C:\WINDOWS\System32\USER32.dll
0x00007ff997100000 - 0x00007ff997127000 	C:\WINDOWS\System32\win32u.dll
0x00007ff998550000 - 0x00007ff99857b000 	C:\WINDOWS\System32\GDI32.dll
0x00007ff9976b0000 - 0x00007ff9977dc000 	C:\WINDOWS\System32\gdi32full.dll
0x00007ff997050000 - 0x00007ff9970f3000 	C:\WINDOWS\System32\msvcp_win.dll
0x00007ff985920000 - 0x00007ff98593b000 	C:\java\jdk17.0.14_7\bin\VCRUNTIME140.dll
0x00007ff997560000 - 0x00007ff9976ab000 	C:\WINDOWS\System32\ucrtbase.dll
0x00007ff981a50000 - 0x00007ff981ce4000 	C:\WINDOWS\WinSxS\amd64_microsoft.windows.common-controls_6595b64144ccf1df_6.0.26100.7019_none_3e06ffa0e335b8a8\COMCTL32.dll
0x00007ff998ee0000 - 0x00007ff998f89000 	C:\WINDOWS\System32\msvcrt.dll
0x00007ff998960000 - 0x00007ff998991000 	C:\WINDOWS\System32\IMM32.DLL
0x00007ff9879b0000 - 0x00007ff9879bc000 	C:\java\jdk17.0.14_7\bin\vcruntime140_1.dll
0x00007ff936d10000 - 0x00007ff936d9d000 	C:\java\jdk17.0.14_7\bin\msvcp140.dll
0x00007ff8b5760000 - 0x00007ff8b63cc000 	C:\java\jdk17.0.14_7\bin\server\jvm.dll
0x00007ff998b70000 - 0x00007ff998c24000 	C:\WINDOWS\System32\ADVAPI32.dll
0x00007ff999e10000 - 0x00007ff999eb6000 	C:\WINDOWS\System32\sechost.dll
0x00007ff997ca0000 - 0x00007ff997db8000 	C:\WINDOWS\System32\RPCRT4.dll
0x00007ff998e60000 - 0x00007ff998ed4000 	C:\WINDOWS\System32\WS2_32.dll
0x00007ff996eb0000 - 0x00007ff996f0e000 	C:\WINDOWS\SYSTEM32\POWRPROF.dll
0x00007ff98e3a0000 - 0x00007ff98e3d5000 	C:\WINDOWS\SYSTEM32\WINMM.dll
0x00007ff9827e0000 - 0x00007ff9827eb000 	C:\WINDOWS\SYSTEM32\VERSION.dll
0x00007ff996e90000 - 0x00007ff996ea4000 	C:\WINDOWS\SYSTEM32\UMPDC.dll
0x00007ff995e10000 - 0x00007ff995e2b000 	C:\WINDOWS\SYSTEM32\kernel.appcore.dll
0x00007ff986450000 - 0x00007ff98645a000 	C:\java\jdk17.0.14_7\bin\jimage.dll
0x00007ff994740000 - 0x00007ff994982000 	C:\WINDOWS\SYSTEM32\DBGHELP.DLL
0x00007ff9985d0000 - 0x00007ff99895b000 	C:\WINDOWS\System32\combase.dll
0x00007ff998d70000 - 0x00007ff998e47000 	C:\WINDOWS\System32\OLEAUT32.dll
0x00007ff97d6a0000 - 0x00007ff97d6dc000 	C:\WINDOWS\SYSTEM32\dbgcore.DLL
0x00007ff9974b0000 - 0x00007ff997555000 	C:\WINDOWS\System32\bcryptPrimitives.dll
0x00007ff9836d0000 - 0x00007ff9836de000 	C:\java\jdk17.0.14_7\bin\instrument.dll
0x00007ff984e40000 - 0x00007ff984e65000 	C:\java\jdk17.0.14_7\bin\java.dll
0x00007ff934420000 - 0x00007ff9344f7000 	C:\java\jdk17.0.14_7\bin\jsvml.dll
0x00007ff999020000 - 0x00007ff999771000 	C:\WINDOWS\System32\SHELL32.dll
0x00007ff997340000 - 0x00007ff9974ab000 	C:\WINDOWS\System32\wintypes.dll
0x00007ff994c70000 - 0x00007ff9954cd000 	C:\WINDOWS\SYSTEM32\windows.storage.dll
0x00007ff998c30000 - 0x00007ff998d22000 	C:\WINDOWS\System32\SHCORE.dll
0x00007ff999d90000 - 0x00007ff999df7000 	C:\WINDOWS\System32\shlwapi.dll
0x00007ff996f70000 - 0x00007ff996f99000 	C:\WINDOWS\SYSTEM32\profapi.dll
0x00007ff9837a0000 - 0x00007ff9837b8000 	C:\java\jdk17.0.14_7\bin\zip.dll
0x00007ff985750000 - 0x00007ff985769000 	C:\java\jdk17.0.14_7\bin\net.dll
0x00007ff98e040000 - 0x00007ff98e168000 	C:\WINDOWS\SYSTEM32\WINHTTP.dll
0x00007ff996380000 - 0x00007ff9963eb000 	C:\WINDOWS\system32\mswsock.dll
0x00007ff984eb0000 - 0x00007ff984ec6000 	C:\java\jdk17.0.14_7\bin\nio.dll
0x00007ff985910000 - 0x00007ff985920000 	C:\java\jdk17.0.14_7\bin\verify.dll
0x00007ff9837c0000 - 0x00007ff9837e7000 	C:\Users\sriva\.gradle\native\1def1411415f61bf3af743bc5b6707747c0891f09f0c88961ee8f79bc544acac\windows-amd64\native-platform.dll
0x00007ff93a2e0000 - 0x00007ff93a358000 	C:\Users\sriva\.gradle\native\0.2.7\x86_64-windows-gnu\gradle-fileevents.dll
0x00007ff984c30000 - 0x00007ff984c39000 	C:\java\jdk17.0.14_7\bin\management.dll
0x00007ff984c20000 - 0x00007ff984c2b000 	C:\java\jdk17.0.14_7\bin\management_ext.dll
0x00007ff9989a0000 - 0x00007ff9989a8000 	C:\WINDOWS\System32\PSAPI.DLL
0x00007ff995950000 - 0x00007ff995984000 	C:\WINDOWS\SYSTEM32\IPHLPAPI.DLL
0x00007ff998d60000 - 0x00007ff998d6a000 	C:\WINDOWS\System32\NSI.dll
0x00007ff98e2b0000 - 0x00007ff98e2ce000 	C:\WINDOWS\SYSTEM32\dhcpcsvc6.DLL
0x00007ff98e280000 - 0x00007ff98e2a3000 	C:\WINDOWS\SYSTEM32\dhcpcsvc.DLL
0x00007ff995990000 - 0x00007ff995abc000 	C:\WINDOWS\SYSTEM32\DNSAPI.dll
0x00007ff985780000 - 0x00007ff985789000 	C:\java\jdk17.0.14_7\bin\extnet.dll
0x00007ff996640000 - 0x00007ff99665b000 	C:\WINDOWS\SYSTEM32\CRYPTSP.dll
0x00007ff995d70000 - 0x00007ff995daa000 	C:\WINDOWS\system32\rsaenh.dll
0x00007ff996430000 - 0x00007ff99645b000 	C:\WINDOWS\SYSTEM32\USERENV.dll
0x00007ff996f40000 - 0x00007ff996f6a000 	C:\WINDOWS\SYSTEM32\bcrypt.dll
0x00007ff996660000 - 0x00007ff99666c000 	C:\WINDOWS\SYSTEM32\CRYPTBASE.dll
0x00007ff969320000 - 0x00007ff96932e000 	C:\java\jdk17.0.14_7\bin\sunmscapi.dll
0x00007ff997130000 - 0x00007ff9972a7000 	C:\WINDOWS\System32\CRYPT32.dll
0x00007ff996860000 - 0x00007ff996890000 	C:\WINDOWS\SYSTEM32\ncrypt.dll
0x00007ff996810000 - 0x00007ff99684f000 	C:\WINDOWS\SYSTEM32\NTASN1.dll
0x00007ff97d220000 - 0x00007ff97d228000 	C:\WINDOWS\system32\wshunix.dll

dbghelp: loaded successfully - version: 4.0.5 - missing functions: none
symbol engine: initialized successfully - sym options: 0x614 - pdb path: .;C:\java\jdk17.0.14_7\bin;C:\WINDOWS\SYSTEM32;C:\WINDOWS\WinSxS\amd64_microsoft.windows.common-controls_6595b64144ccf1df_6.0.26100.7019_none_3e06ffa0e335b8a8;C:\java\jdk17.0.14_7\bin\server;C:\Users\sriva\.gradle\native\1def1411415f61bf3af743bc5b6707747c0891f09f0c88961ee8f79bc544acac\windows-amd64;C:\Users\sriva\.gradle\native\0.2.7\x86_64-windows-gnu

VM Arguments:
jvm_args: --add-opens=java.base/java.lang=ALL-UNNAMED --add-opens=java.base/java.lang.invoke=ALL-UNNAMED --add-opens=java.base/java.util=ALL-UNNAMED --add-opens=java.prefs/java.util.prefs=ALL-UNNAMED --add-exports=jdk.compiler/com.sun.tools.javac.api=ALL-UNNAMED --add-exports=jdk.compiler/com.sun.tools.javac.util=ALL-UNNAMED --add-opens=java.base/java.util=ALL-UNNAMED --add-opens=java.prefs/java.util.prefs=ALL-UNNAMED --add-opens=java.base/java.nio.charset=ALL-UNNAMED --add-opens=java.base/java.net=ALL-UNNAMED --add-opens=java.base/java.util.concurrent.atomic=ALL-UNNAMED --add-opens=java.xml/javax.xml.namespace=ALL-UNNAMED -Xmx2048m -Dfile.encoding=windows-1252 -Duser.country=IN -Duser.language=en -Duser.variant -javaagent:C:\Users\sriva\.gradle\wrapper\dists\gradle-8.13-all\54h0s9kvb6g2sinako7ub77ku\gradle-8.13\lib\agents\gradle-instrumentation-agent-8.13.jar 
java_command: org.gradle.launcher.daemon.bootstrap.GradleDaemon 8.13
java_class_path (initial): C:\Users\sriva\.gradle\wrapper\dists\gradle-8.13-all\54h0s9kvb6g2sinako7ub77ku\gradle-8.13\lib\gradle-daemon-main-8.13.jar
Launcher Type: SUN_STANDARD

[Global flags]
     intx CICompilerCount                          = 4                                         {product} {ergonomic}
     uint ConcGCThreads                            = 3                                         {product} {ergonomic}
     uint G1ConcRefinementThreads                  = 10                                        {product} {ergonomic}
   size_t G1HeapRegionSize                         = 1048576                                   {product} {ergonomic}
    uintx GCDrainStackTargetSize                   = 64                                        {product} {ergonomic}
   size_t InitialHeapSize                          = 264241152                                 {product} {ergonomic}
   size_t MarkStackSize                            = 4194304                                   {product} {ergonomic}
   size_t MaxHeapSize                              = 2147483648                                {product} {command line}
   size_t MaxNewSize                               = 1287651328                                {product} {ergonomic}
   size_t MinHeapDeltaBytes                        = 1048576                                   {product} {ergonomic}
   size_t MinHeapSize                              = 8388608                                   {product} {ergonomic}
    uintx NonNMethodCodeHeapSize                   = 5839372                                {pd product} {ergonomic}
    uintx NonProfiledCodeHeapSize                  = 122909434                              {pd product} {ergonomic}
    uintx ProfiledCodeHeapSize                     = 122909434                              {pd product} {ergonomic}
    uintx ReservedCodeCacheSize                    = 251658240                              {pd product} {ergonomic}
     bool SegmentedCodeCache                       = true                                      {product} {ergonomic}
   size_t SoftMaxHeapSize                          = 2147483648                             {manageable} {ergonomic}
     bool UseCompressedClassPointers               = true                           {product lp64_product} {ergonomic}
     bool UseCompressedOops                        = true                           {product lp64_product} {ergonomic}
     bool UseG1GC                                  = true                                      {product} {ergonomic}
     bool UseLargePagesIndividualAllocation        = false                                  {pd product} {ergonomic}

Logging:
Log output configuration:
 #0: stdout all=warning uptime,level,tags
 #1: stderr all=off uptime,level,tags

Environment Variables:
JAVA_HOME=C:\java\jdk17.0.14_7
CLASSPATH=C:\Users\sriva\OneDrive\Desktop\android-vtop-chennai\\gradle\wrapper\gradle-wrapper.jar
PATH=C:\ProgramData\anaconda3;C:\ProgramData\anaconda3\Library\mingw-w64\bin;C:\ProgramData\anaconda3\Library\usr\bin;C:\ProgramData\anaconda3\Library\bin;C:\ProgramData\anaconda3\Scripts;C:\ProgramData\anaconda3\bin;C:\ProgramData\anaconda3\condabin;c:\Users\sriva\AppData\Local\Programs\cursor\resources\app\bin;C:\tools\ruby34\bin;C:\Program Files\Amazon Corretto\jdk17.0.14_7\bin;c:\Users\sriva\AppData\Local\Programs\cursor\resources\app\bin;C:\Program Files\Amazon Corretto\jdk11.0.22_7\bin;C:\WINDOWS\system32;C:\WINDOWS;C:\WINDOWS\System32\Wbem;C:\WINDOWS\System32\WindowsPowerShell\v1.0;C:\WINDOWS\System32\OpenSSH;C:\Program Files\Docker\Docker\resources\bin;C:\Program Files\MATLAB\R2024a\bin;C:\ProgramData\chocolatey\bin;C:\ProgramData\chocolatey\lib\maven\apache-maven-3.9.6\bin;C:\Program Files\Git\cmd;C:\platform-tools;C:\Users\sriva\AppData\Local\Pub\Cache\bin;C:\Program Files\Amazon\AWSCLIV2;C:\Program Files\nodejs;C:\Users\sriva\AppData\Local\Programs\Python\Launcher;C:\Users\sriva\AppData\Local\Microsoft\WindowsApps;C:\Users\sriva\AppData\Local\GitHubDesktop\bin;C:\src\flutter\bin;C:\ProgramData\anaconda3\Library\bin\conda.bat;C:\ProgramData\anaconda3\Scripts\conda.exe;C:\ProgramData\anaconda3\condabin\conda.bat;C:\Users\sriva\Anaconda3\Scri;C:\xampp\php;C:\ProgramData\ComposerSetup\bin;C:\jdk-24.0.2\bin;C:\Program Files\PuTTY;C:\Users\sriva\AppData\Local\Programs\Python\Launcher;C:\Users\sriva\AppData\Local\Microsoft\WindowsApps;C:\Users\sriva\AppData\Local\Programs\Microsoft VS Code\bin;C:\Users\sriva\AppData\Local\GitHubDesktop\bin;C:\src\flutter\bin;C:\ProgramData\anaconda3\Library\bin\conda.bat;C:\ProgramData\anaconda3\Scripts\conda.exe;C:\ProgramData\anaconda3\condabin\conda.bat;C:\Users\sriva\Anaconda3\Scripts;C:\Users\sriva\AppData\Roaming\npm;C:\Users\sriva\AppData\Local\Programs\cursor\resources\app\bin;C:\Users\sriva\AppData\Local\Programs\Ollama;C:\Users\sriva\AppData\Local\Programs\Ollama;C:\Users\sriva\AppData\Roaming\Composer\vendor\bin;C:\Users\sriva\AppData\Local\Programs\mongosh;C:\Users\sriva\.lmstudio\bin
USERNAME=sriva
LANG=en_US.UTF-8
OS=Windows_NT
PROCESSOR_IDENTIFIER=Intel64 Family 6 Model 186 Stepping 3, GenuineIntel
TMP=C:\Users\sriva\AppData\Local\Temp
TEMP=C:\Users\sriva\AppData\Local\Temp



Periodic native trim disabled


---------------  S Y S T E M  ---------------

OS:
 Windows 11 , 64 bit Build 26100 (10.0.26100.7019)
OS uptime: 6 days 2:50 hours
Hyper-V role detected

CPU: total 12 (initial active 12) (6 cores per cpu, 2 threads per core) family 6 model 186 stepping 3 microcode 0x410e, cx8, cmov, fxsr, ht, mmx, 3dnowpref, sse, sse2, sse3, ssse3, sse4.1, sse4.2, popcnt, lzcnt, tsc, tscinvbit, avx, avx2, aes, erms, clmul, bmi1, bmi2, adx, sha, fma, vzeroupper, clflush, clflushopt, clwb, hv
Processor Information for processor 0
  Max Mhz: 1700, Current Mhz: 1700, Mhz Limit: 1700
Processor Information for processor 1
  Max Mhz: 1700, Current Mhz: 1700, Mhz Limit: 1700
Processor Information for processor 2
  Max Mhz: 1700, Current Mhz: 1700, Mhz Limit: 1700
Processor Information for processor 3
  Max Mhz: 1700, Current Mhz: 1700, Mhz Limit: 1700
Processor Information for processor 4
  Max Mhz: 1700, Current Mhz: 1200, Mhz Limit: 1190
Processor Information for processor 5
  Max Mhz: 1700, Current Mhz: 1200, Mhz Limit: 1190
Processor Information for processor 6
  Max Mhz: 1700, Current Mhz: 1200, Mhz Limit: 1190
Processor Information for processor 7
  Max Mhz: 1700, Current Mhz: 1200, Mhz Limit: 1190
Processor Information for processor 8
  Max Mhz: 1700, Current Mhz: 1200, Mhz Limit: 1190
Processor Information for processor 9
  Max Mhz: 1700, Current Mhz: 1200, Mhz Limit: 1190
Processor Information for processor 10
  Max Mhz: 1700, Current Mhz: 1200, Mhz Limit: 1190
Processor Information for processor 11
  Max Mhz: 1700, Current Mhz: 1200, Mhz Limit: 1190

Memory: 4k page, system-wide physical 16067M (742M free)
TotalPageFile size 32994M (AvailPageFile size 828M)
current process WorkingSet (physical memory assigned to process): 472M, peak: 502M
current process commit charge ("private bytes"): 559M, peak: 591M

vm_info: OpenJDK 64-Bit Server VM (17.0.14+7-LTS) for windows-amd64 JRE (17.0.14+7-LTS), built on Jan  7 2025 20:14:24 by "Administrator" with MS VC++ 16.10 / 16.11 (VS2019)

END.
